{"type":"FeatureCollection","features":[{"type":"Feature","properties":{},"geometry":{"type":"Polygon","coordinates":[[[68.559586,23.312082],[68.574028,23.294306],[68.588196,23.295416],[68.582077,23.310143],[68.595695,23.299582],[68.612076,23.296532],[68.614861,23.27153],[68.572365,23.260975],[68.584297,23.25375],[68.574028,23.24514],[68.54097,23.265694],[68.54097,23.285143],[68.567917,23.281248],[68.553192,23.29681],[68.559586,23.312082]]]}},{"type":"Feature","properties":{},"geometry":{"type":"Polygon","coordinates":[[[68.590973,23.37236],[68.595139,23.358749],[68.61792,23.354031],[68.617363,23.327641],[68.567917,23.37207],[68.590973,23.37236]]]}},{"type":"Feature","properties":{},"geometry":{"type":"Polygon","coordinates":[[[68.4757,23.479031],[68.494858,23.455973],[68.484581,23.403191],[68.458191,23.417917],[68.474586,23.459864],[68.43042,23.43125],[68.428474,23.437361],[68.418198,23.439861],[68.429031,23.431532],[68.421249,23.420141],[68.412086,23.443472],[68.433456,23.439581],[68.445137,23.467918],[68.4757,23.479031]]]}},{"type":"Feature","properties":{},"geometry":{"type":"Polygon","coordinates":[[[68.483467,23.595421],[68.481247,23.561251],[68.445969,23.54014],[68.43042,23.50765],[68.435417,23.557083],[68.453186,23.561251],[68.472916,23.578194],[68.467918,23.591532],[68.479576,23.589861],[68.483467,23.595421]]]}},{"type":"Feature","properties":{},"geometry":{"type":"Polygon","coordinates":[[[68.462364,23.623472],[68.46653,23.600981],[68.45182,23.602922],[68.440407,23.586531],[68.435143,23.617359],[68.462364,23.623472]]]}},{"type":"Feature","properties":{},"geometry":{"type":"Polygon","coordinates":[[[68.362358,23.803749],[68.397919,23.784861],[68.42514,23.797083],[68.425697,23.781803],[68.399307,23.750973],[68.417358,23.760418],[68.418457,23.724298],[68.394577,23.66153],[68.37542,23.643188],[68.385971,23.667641],[68.390137,23.68486],[68.38958,23.685972],[68.346802,23.59819],[68.280693,23.582361],[68.274857,23.595421],[68.292641,23.600695],[68.272919,23.617922],[68.277916,23.63125],[68.28653,23.627359],[68.304581,23.63014],[68.313202,23.62236],[68.314026,23.622921],[68.306808,23.630701],[68.277092,23.632643],[68.26403,23.60236],[68.242081,23.606251],[68.254028,23.59236],[68.221252,23.589861],[68.225983,23.60681],[68.197083,23.597086],[68.186249,23.62431],[68.204582,23.64764],[68.210136,23.640417],[68.260139,23.63986],[68.258186,23.644861],[68.279861,23.649027],[68.299576,23.64736],[68.311813,23.650141],[68.280418,23.652088],[68.259308,23.645962],[68.231247,23.642916],[68.269577,23.64958],[68.306252,23.68125],[68.318466,23.718201],[68.33403,23.710972],[68.339302,23.74264],[68.349861,23.731808],[68.351807,23.74292],[68.334862,23.758751],[68.362358,23.803749]]]}},{"type":"Feature","properties":{},"geometry":{"type":"Polygon","coordinates":[[[68.311249,23.822361],[68.324303,23.734308],[68.291252,23.72764],[68.294586,23.741253],[68.285698,23.754583],[68.284859,23.732084],[68.294586,23.723188],[68.274033,23.70125],[68.257362,23.715975],[68.265419,23.726803],[68.273483,23.792641],[68.298195,23.803749],[68.297081,23.812084],[68.290138,23.816805],[68.311249,23.822361]]]}},{"type":"Feature","properties":{},"geometry":{"type":"Polygon","coordinates":[[[68.500969,23.829571],[68.522919,23.803749],[68.51236,23.78875],[68.504028,23.794031],[68.498474,23.794582],[68.522362,23.775419],[68.516808,23.75458],[68.489586,23.759583],[68.507362,23.74847],[68.48764,23.737082],[68.488197,23.748472],[68.465416,23.775419],[68.476807,23.74069],[68.437363,23.739311],[68.456528,23.774029],[68.447906,23.806532],[68.500969,23.829571]]]}},{"type":"Feature","properties":{},"geometry":{"type":"Polygon","coordinates":[[[68.398193,23.87681],[68.439308,23.839031],[68.426529,23.810421],[68.410141,23.809031],[68.407913,23.814308],[68.412918,23.819584],[68.41153,23.820972],[68.406517,23.81181],[68.41597,23.802078],[68.405418,23.793192],[68.389862,23.832083],[68.384308,23.83736],[68.379585,23.838196],[68.401527,23.790417],[68.355141,23.810972],[68.330139,23.787361],[68.344307,23.83931],[68.398193,23.87681]]]}},{"type":"Feature","properties":{},"geometry":{"type":"Polygon","coordinates":[[[68.431526,23.99403],[68.43264,23.95986],[68.412918,23.927361],[68.344856,23.901251],[68.337639,23.819305],[68.320969,23.807081],[68.314583,23.82403],[68.303749,23.824583],[68.28875,23.817362],[68.295692,23.804312],[68.265686,23.792921],[68.254028,23.71875],[68.266808,23.691807],[68.237923,23.68125],[68.192642,23.73097],[68.211807,23.763481],[68.213753,23.755417],[68.219582,23.75486],[68.234306,23.77486],[68.217918,23.78125],[68.212914,23.834583],[68.234581,23.83597],[68.245407,23.85376],[68.260406,23.82486],[68.260971,23.83736],[68.277359,23.834305],[68.287361,23.839308],[68.248749,23.85376],[68.259308,23.871805],[68.305138,23.865696],[68.317642,23.879301],[68.303749,23.867081],[68.259018,23.875141],[68.277084,23.914862],[68.334587,23.917641],[68.359863,23.97764],[68.376251,23.98431],[68.393753,23.964861],[68.431526,23.99403]]]}},{"type":"Feature","properties":{},"geometry":{"type":"Polygon","coordinates":[[[68.251526,23.879028],[68.233467,23.84236],[68.215973,23.84763],[68.216805,23.86764],[68.251526,23.879028]]]}},{"type":"Feature","properties":{},"geometry":{"type":"Polygon","coordinates":[[[68.452362,23.937084],[68.442093,23.870422],[68.419586,23.870972],[68.420692,23.877083],[68.410698,23.885422],[68.429306,23.895971],[68.422363,23.894861],[68.40847,23.885139],[68.417076,23.87236],[68.393471,23.880421],[68.377357,23.87653],[68.349861,23.846251],[68.356529,23.863201],[68.355972,23.890141],[68.367638,23.890694],[68.358467,23.89403],[68.354309,23.888201],[68.355698,23.884581],[68.353203,23.883739],[68.352913,23.900694],[68.452362,23.937084]]]}},{"type":"Feature","properties":{},"geometry":{"type":"Polygon","coordinates":[[[68.537636,23.941801],[68.542358,23.93375],[68.558197,23.930973],[68.558472,23.923195],[68.588753,23.916811],[68.546806,23.872917],[68.532639,23.876251],[68.522087,23.856251],[68.502083,23.87542],[68.490967,23.866251],[68.486252,23.890421],[68.512085,23.903194],[68.525696,23.892641],[68.51403,23.904583],[68.537636,23.917639],[68.525414,23.94014],[68.537636,23.941801]]]}},{"type":"Feature","properties":{},"geometry":{"type":"Polygon","coordinates":[[[68.487358,23.991249],[68.518471,23.924305],[68.480415,23.890415],[68.467361,23.894583],[68.479576,23.88903],[68.471802,23.86153],[68.432358,23.852083],[68.453186,23.87986],[68.462914,23.932083],[68.448761,23.94014],[68.441803,23.936251],[68.428192,23.93792],[68.448196,23.981251],[68.487358,23.991249]]]}},{"type":"Feature","properties":{},"geometry":{"type":"Polygon","coordinates":[[[70.880692,20.709583],[70.882362,20.728748],[70.917641,20.735416],[70.919861,20.743471],[70.874863,20.726805],[70.863197,20.754862],[70.852913,20.754028],[70.874031,20.704863],[70.822357,20.690969],[70.807358,20.700138],[70.827637,20.69792],[70.816528,20.71903],[70.803749,20.700695],[70.703476,20.737917],[70.67347,20.764584],[70.666252,20.752359],[70.536247,20.804029],[70.439026,20.85264],[70.417084,20.887083],[70.320702,20.927361],[70.251526,20.979029],[70.247643,21.00042],[70.22625,20.999027],[70.18042,21.035694],[70.142082,21.069305],[70.146248,21.080692],[70.046524,21.156528],[70.038193,21.183472],[69.998466,21.207361],[69.778198,21.457914],[69.787636,21.451532],[69.799858,21.452082],[69.805138,21.463751],[69.775139,21.45986],[69.712906,21.528471],[69.726517,21.556528],[69.764313,21.578751],[69.73764,21.650419],[69.725418,21.63236],[69.705139,21.647362],[69.675697,21.63875],[69.717361,21.60264],[69.696808,21.59292],[69.691803,21.614311],[69.632637,21.64292],[69.685974,21.595694],[69.723473,21.572371],[69.710693,21.539307],[69.602081,21.637362],[69.587639,21.62097],[69.590973,21.63542],[69.177078,21.999571],[68.957367,22.237652],[68.936256,22.30764],[68.984581,22.414305],[69.06736,22.480141],[69.085419,22.472361],[69.043747,22.432638],[69.069305,22.395695],[69.102638,22.410141],[69.129028,22.397921],[69.194031,22.42375],[69.204308,22.40181],[69.178749,22.37792],[69.157913,22.312916],[69.202637,22.266529],[69.232635,22.257917],[69.319862,22.291248],[69.334297,22.33042],[69.419304,22.315695],[69.488472,22.337917],[69.52375,22.385695],[69.498192,22.435694],[69.550697,22.404861],[69.561806,22.355694],[69.575691,22.368473],[69.591248,22.36097],[69.571808,22.334305],[69.575691,22.319031],[69.581802,22.346251],[69.604858,22.35125],[69.605698,22.340973],[69.607353,22.33847],[69.609016,22.34931],[69.612358,22.340414],[69.606247,22.327084],[69.606804,22.325693],[69.617363,22.346251],[69.61792,22.368473],[69.654587,22.35903],[69.664017,22.393751],[69.699303,22.395969],[69.697906,22.442921],[69.671806,22.439306],[69.671806,22.450701],[69.703476,22.447081],[69.728203,22.473751],[69.744583,22.430693],[69.755692,22.426249],[69.759583,22.44153],[69.797638,22.399858],[69.829033,22.44486],[69.797081,22.457083],[69.832642,22.450972],[69.834305,22.500694],[69.83625,22.454029],[69.87014,22.446529],[69.900406,22.46792],[69.914024,22.456249],[69.912918,22.489031],[69.93486,22.51264],[69.957359,22.495417],[69.945969,22.528473],[69.982918,22.534863],[69.97625,22.543194],[70.004028,22.544306],[70.010406,22.548752],[70.019859,22.546806],[70.026802,22.550974],[70.028191,22.546806],[70.023476,22.543194],[70.022087,22.539579],[70.023476,22.539583],[70.039017,22.56292],[70.085693,22.544861],[70.164032,22.55208],[70.194305,22.582916],[70.197365,22.616806],[70.24292,22.66264],[70.253197,22.692921],[70.238472,22.701811],[70.255142,22.706532],[70.252914,22.733473],[70.27597,22.731251],[70.303192,22.757639],[70.300415,22.778194],[70.353737,22.870701],[70.42347,22.932638],[70.471527,23.01236],[70.493469,23.07514],[70.43792,23.062641],[70.401253,23.030701],[70.382637,22.997921],[70.394577,22.99542],[70.386803,22.948195],[70.347641,22.930416],[70.279297,22.94875],[70.23764,22.979586],[70.227081,22.965973],[70.197914,22.998472],[70.189026,22.997641],[70.186249,22.99375],[70.186531,22.991253],[70.197906,22.99403],[70.219856,22.95653],[70.161797,22.94264],[70.123192,22.960695],[70.129028,22.992085],[70.143471,23.009029],[70.152641,23.02347],[70.15403,23.028191],[70.153198,23.029581],[70.112358,22.972639],[70.126526,22.946527],[70.11097,22.952641],[70.10125,22.941807],[70.095413,22.950974],[70.090973,22.952641],[70.099861,22.938192],[70.111252,22.949581],[70.13903,22.94125],[70.13208,22.924582],[70.032639,22.89542],[69.93708,22.893194],[69.905693,22.866249],[69.866806,22.872921],[69.862076,22.858473],[69.853752,22.868195],[69.79847,22.850695],[69.752357,22.819586],[69.705139,22.727917],[69.705971,22.740419],[69.662361,22.756805],[69.666809,22.777363],[69.659302,22.756527],[69.643196,22.765694],[69.638748,22.773748],[69.637352,22.788752],[69.633751,22.79542],[69.634583,22.777363],[69.641251,22.766531],[69.600693,22.759027],[69.563187,22.773748],[69.555138,22.79236],[69.484581,22.787922],[69.494026,22.781528],[69.469582,22.773748],[69.352081,22.81764],[69.355698,22.828753],[69.266808,22.82403],[69.22847,22.84236],[69.197357,22.83847],[68.814583,23.067362],[68.759308,23.080418],[68.585136,23.221821],[68.59903,23.240417],[68.60125,23.21847],[68.630692,23.213194],[68.639862,23.222361],[68.619026,23.21986],[68.603752,23.242929],[68.640419,23.244581],[68.671806,23.269873],[68.65625,23.272081],[68.640686,23.266529],[68.630142,23.295694],[68.695694,23.307362],[68.712639,23.297083],[68.725136,23.295694],[68.748192,23.304029],[68.758186,23.33042],[68.72403,23.297083],[68.708473,23.314861],[68.658752,23.303471],[68.668747,23.32542],[68.658752,23.322922],[68.658752,23.308748],[68.652359,23.302917],[68.644577,23.322639],[68.635696,23.316528],[68.62458,23.339027],[68.625687,23.346251],[68.634857,23.33931],[68.636803,23.346807],[68.605972,23.380974],[68.59597,23.382086],[68.605698,23.36347],[68.602364,23.359306],[68.580971,23.38986],[68.568192,23.388201],[68.579582,23.375971],[68.558472,23.38707],[68.560417,23.41931],[68.535698,23.421249],[68.532639,23.433472],[68.537918,23.424307],[68.54097,23.42569],[68.516251,23.47514],[68.523193,23.446529],[68.502357,23.46542],[68.502357,23.49181],[68.512917,23.484859],[68.518753,23.48959],[68.491806,23.500971],[68.499031,23.515141],[68.484016,23.548189],[68.49736,23.547359],[68.489029,23.63542],[68.500694,23.657084],[68.523193,23.651251],[68.539017,23.662361],[68.520142,23.654583],[68.524864,23.690697],[68.632637,23.757917],[68.666252,23.808472],[68.687363,23.82181],[68.718475,23.825972],[68.742638,23.83708],[68.722084,23.831806],[68.737076,23.843203],[68.729027,23.85486],[68.761253,23.87542],[68.716248,23.857361],[68.660141,23.858473],[68.63736,23.83597],[68.604858,23.838196],[68.603752,23.85014],[68.53347,23.75597],[68.525139,23.759026],[68.526253,23.773472],[68.515419,23.785419],[68.517906,23.79542],[68.530983,23.80014],[68.535141,23.80625],[68.537361,23.81514],[68.52597,23.802078],[68.51487,23.82403],[68.546524,23.835693],[68.572914,23.880972],[68.613472,23.903194],[68.638466,23.894861],[68.663193,23.91736],[68.619858,23.90653],[68.62236,23.927361],[68.59597,23.941805],[68.58847,23.922358],[68.558746,23.924028],[68.559303,23.931805],[68.537361,23.94681],[68.546806,23.963194],[68.749245,23.962046],[68.764122,24.284122],[68.826355,24.308395],[68.847725,24.20838],[68.878448,24.196939],[68.897949,24.19886],[68.918228,24.25312],[68.947243,24.276627],[68.970566,24.23753],[69.000534,24.22588],[69.092926,24.269083],[69.199768,24.235199],[69.310272,24.276688],[69.43158,24.273653],[69.501167,24.25502],[69.600677,24.277847],[69.724579,24.175097],[69.978683,24.165051],[70.024086,24.169353],[70.059303,24.192802],[70.119041,24.290699],[70.560127,24.418594],[70.61187,24.400539],[70.572067,24.344549],[70.587418,24.310146],[70.572258,24.293577],[70.587807,24.285397],[70.574249,24.252333],[70.655304,24.225088],[70.725822,24.220865],[70.805763,24.222727],[70.894104,24.257097],[70.885139,24.290751],[70.959747,24.346241],[70.998428,24.360571],[71.047188,24.34734],[71.125023,24.392933],[71.134102,24.413811],[71.11895,24.431049],[71.007568,24.442242],[71.015343,24.52277],[70.998268,24.54134],[71.000557,24.599213],[71.020477,24.63051],[71.10714,24.680651],[71.072853,24.712],[71.023567,24.82118],[70.945488,24.934542],[70.89431,25.144058],[70.766449,25.26495],[70.744263,25.320961],[70.674171,25.38932],[70.687866,25.517349],[70.676216,25.52387],[70.681137,25.660761],[70.665962,25.697229],[70.61705,25.706631],[70.536232,25.676731],[70.399658,25.663799],[70.279617,25.70126],[70.244507,25.76627],[70.177963,25.8195],[70.096077,25.944317],[70.082573,26.073858],[70.145195,26.166155],[70.172668,26.245077],[70.164604,26.290916],[70.183899,26.486834],[70.16774,26.550743],[70.066193,26.599291],[69.879311,26.581085],[69.815361,26.592157],[69.72187,26.653843],[69.507652,26.748451],[69.483734,26.806231],[69.513206,27.016869],[69.578125,27.165489],[69.861969,27.402779],[69.936249,27.502108],[70.016266,27.555996],[70.107811,27.766872],[70.156952,27.834049],[70.366165,28.008249],[70.483757,28.034012],[70.56263,28.019802],[70.672104,27.914318],[70.678413,27.839052],[70.757668,27.717209],[70.884171,27.6984],[71.272957,27.841928],[71.409729,27.865789],[71.658287,27.868931],[71.897377,27.95742],[71.933258,28.12686],[71.99588,28.206957],[72.184425,28.358006],[72.301956,28.664816],[72.384697,28.763941],[72.711296,28.93503],[72.941719,29.027201],[73.000031,29.147366],[73.089272,29.24909],[73.271317,29.556961],[73.391373,29.93787],[73.611183,30.022409],[73.787216,30.066401],[73.957962,30.185747],[73.957848,30.26169],[73.871254,30.368572],[73.903419,30.416798],[73.927856,30.420914],[73.935287,30.462957],[73.962677,30.457607],[73.98365,30.50053],[74.034012,30.536261],[74.066513,30.520187],[74.077614,30.529362],[74.084396,30.54504],[74.067902,30.554871],[74.092628,30.57535],[74.090996,30.612791],[74.108917,30.60568],[74.11837,30.63216],[74.150932,30.632622],[74.232155,30.719622],[74.281807,30.730234],[74.262207,30.76803],[74.297379,30.78273],[74.285759,30.799591],[74.316147,30.847582],[74.363007,30.845806],[74.365524,30.885406],[74.416107,30.90604],[74.470589,30.965988],[74.538116,30.993542],[74.531792,31.01269],[74.558395,31.067526],[74.600182,31.043547],[74.683197,31.07218],[74.69442,31.09815],[74.676552,31.131041],[74.631203,31.121281],[74.625153,31.13726],[74.595009,31.134951],[74.596489,31.09094],[74.565819,31.084341],[74.546402,31.08857],[74.542366,31.122829],[74.504593,31.13851],[74.501266,31.18158],[74.522202,31.24754],[74.511116,31.272331],[74.530235,31.298676],[74.551872,31.298454],[74.594574,31.397095],[74.642067,31.459961],[74.626457,31.486691],[74.5662,31.500839],[74.603851,31.534111],[74.600906,31.567839],[74.517281,31.722912],[74.518044,31.745201],[74.551796,31.75322],[74.55574,31.827669],[74.580467,31.84354],[74.599106,31.885111],[74.62262,31.88135],[74.659866,31.91823],[74.703262,31.924898],[74.709198,31.957949],[74.735916,31.937389],[74.747726,31.95228],[74.809143,31.955139],[74.818352,31.99745],[74.865082,32.023911],[74.862251,32.045109],[74.914261,32.06522],[75.004929,32.028755],[75.092163,32.05949],[75.116257,32.082809],[75.164452,32.06797],[75.19532,32.11665],[75.22271,32.11253],[75.233429,32.084362],[75.314232,32.159187],[75.317192,32.192806],[75.333282,32.20472],[75.314201,32.214909],[75.363152,32.23468],[75.366997,32.268749],[75.33992,32.288567],[75.325302,32.342842],[75.3121257855766,32.33553222962877],[75.28701430476639,32.36620465032439],[75.25892005151923,32.364776296688774],[75.25500861665438,32.38501844864254],[75.19958157333099,32.39118018781545],[75.18969571548496,32.41994820054907],[75.13243577559064,32.40270572379018],[75.13703888353768,32.424981442539604],[75.10805890959108,32.47315874957667],[75.08981528324875,32.46428427200158],[75.02843449055933,32.49168109650543],[75.00455693895162,32.45232718195393],[74.950443183706,32.44052437420055],[74.93607494380365,32.462636096178926],[74.89564752201557,32.46142157884282],[74.87650121915601,32.482538512142696],[74.81737304652893,32.48879556416398],[74.79369645382832,32.46893834722698],[74.68516159822923,32.481989083929136],[74.68853101349555,32.52499351573823],[74.66306909296435,32.535990080377985],[74.6682232110324,32.55948256386927],[74.65209935330256,32.55925602824317],[74.63478535615934,32.60261893881301],[74.69267744211032,32.65482132804192],[74.65038554945357,32.69828110189138],[74.70136122923742,32.83507678496568],[74.63598825875118,32.81349770535485],[74.65389672845129,32.78126012255666],[74.63151044884819,32.77433881238636],[74.63105735421357,32.74686886310758],[74.55696783160022,32.75713876024565],[74.50935032645646,32.738710456322565],[74.5012865868066,32.760381246097666],[74.45451094332543,32.78442296444831],[74.40649439909731,32.7827460606822],[74.3707946377624,32.75900803799061],[74.30924236774115,32.7925368143226],[74.3017544648967,32.823309008504],[74.2173728921453,32.84527032156814],[74.17821703798597,32.88300206869059],[74.05998361105486,32.90930779611796],[74.04855944666122,32.93235217621202],[73.98826017506707,32.93573774689958],[73.99728353990349,32.96016657932421],[73.95832599884585,32.98695077126115],[73.829628662233,33.00744936849361],[73.80834457464249,32.972537614719215],[73.78645048050532,32.96573840730173],[73.78870599008945,32.99847515160701],[73.74335862560014,33.03935441887137],[73.73526585673397,33.066658157248185],[73.68855198858347,33.08844439928964],[73.62789231278009,33.08991149392034],[73.6260973846866,33.14004561331444],[73.65644490910535,33.169251728984136],[73.65768724067368,33.20807853559597],[73.64092059790732,33.226769817473155],[73.62874498429363,33.21571495518111],[73.60562996155352,33.251706115744696],[73.60409199674831,33.29529517703082],[73.58206250428123,33.3264988110713],[73.590834833261,33.336946243374484],[73.5658259255261,33.3425136260031],[73.55853717754877,33.36844530920371],[73.5914243874256,33.42217905232144],[73.58792022134122,33.44353834571814],[73.62490716163626,33.457559838515806],[73.59655304388792,33.50048233669054],[73.63312272933052,33.53351444443609],[73.60375361873457,33.60763073267225],[73.56137216799124,33.62147063526169],[73.56316943791927,33.67589990865389],[73.59762997214557,33.71624910291382],[73.59129133542683,33.75415467729658],[73.55838150760053,33.78359767439321],[73.58990474630707,33.884345546809584],[73.51648752088244,34.000528954747494],[73.48901380344432,34.14476785605177],[73.49308288676588,34.22015929031903],[73.4700363393057,34.25176578826057],[73.47858418671092,34.29063121535836],[73.45382159878778,34.278302091068724],[73.42505516436438,34.35346441674949],[73.39131661576926,34.37715296413802],[73.42018426439233,34.41776708158562],[73.44775220200256,34.57423386060424],[73.52301339914914,34.574708523679476],[73.55735932377382,34.59344753977217],[73.65086471473484,34.56827041294923],[73.66019377532251,34.6104371658426],[73.69624222899574,34.65405302872432],[73.66694348405463,34.66613882614598],[73.6674535174659,34.68465838697506],[73.75008340782307,34.787151787724895],[73.82114714432532,34.79596493153639],[73.8497107447551,34.81770990908507],[73.91815315084727,34.81448315597294],[73.96438511727939,34.84170877653884],[73.97437364712619,34.86534060638394],[74.0303515171089,34.87763456538295],[74.04388977988947,34.92185661898782],[74.07402197243613,34.93998054196851],[74.0605231835981,34.99363478501738],[74.10823488822956,35.01950167656116],[74.06636023783477,35.0485310907373],[74.09325484763315,35.09654403857655],[74.13422759133033,35.11260306687808],[74.11067086207066,35.13021339783012],[74.11420554664869,35.15190083945225],[74.03907611996704,35.14746896422139],[73.99978961409948,35.184396349611916],[73.95920771666283,35.17442297873754],[73.91727302213235,35.21221451818553],[73.86520535854049,35.21079825143818],[73.81158626999041,35.242463780878836],[73.77753821071991,35.243857874841126],[73.7317244191467,35.21730055487677],[73.71637950201244,35.2259911822473],[73.72708169426483,35.27825642689265],[73.69987270036489,35.32321744173163],[73.70044836989643,35.358376283338885],[73.73890815778532,35.42793214455287],[73.79513966716195,35.46016146258148],[73.78490967024516,35.52566290571855],[73.6354583694083,35.571841628688276],[73.5711047975484,35.55482454811448],[73.48175397856329,35.5772828490243],[73.40682763588677,35.56401187105104],[73.36743571238827,35.605488122678764],[73.27273466647176,35.629756985496556],[73.13625425962641,35.719182067798215],[73.13573694260589,35.79381179068167],[73.15418715671194,35.84167226026665],[73.1004263799735,35.87823196952985],[73.07775494063804,35.88622327328551],[73.03810914482125,35.85476225867137],[72.99971500204578,35.86352369955915],[72.92940957389277,35.845540293849524],[72.90466580428352,35.853627990539394],[72.90162953477528,35.88166942390484],[72.83022605958502,35.8873613986097],[72.77729009336315,35.844024155590375],[72.73754943345966,35.85879849695311],[72.6911415164679,35.83287699677601],[72.64564753730406,35.86634787025804],[72.60158981591735,35.87107659460918],[72.53003528879759,35.92654378726604],[72.55611258392867,35.99667416687936],[72.57324507809795,35.99642871581261],[72.59602537676977,36.02734706871229],[72.58620648424193,36.050448465824104],[72.53106562497868,36.07465494896678],[72.53660067877837,36.114518704474676],[72.57380884869946,36.150963177308824],[72.55154137223661,36.18116138548959],[72.560480226881,36.21238715544291],[72.58543097635851,36.230520817182025],[72.59523275658648,36.26219709531972],[72.63670472474331,36.27648317226067],[72.6939709625899,36.25009789350304],[72.692385777082,36.2756509549277],[72.77855060922332,36.309881063060686],[72.82972721733728,36.36114387748802],[72.88329913734538,36.387344963399414],[72.87946567100397,36.443331337371376],[72.92227478085653,36.46295885127],[72.99205247694033,36.458105582506676],[73.0038554843432,36.476080034565996],[72.9903577531079,36.480458142029704],[72.99599587281136,36.51490873425075],[73.06150484147531,36.537742448155484],[73.11247233203255,36.61009630350168],[73.0920092454304,36.634766604795004],[73.08541951979504,36.69972653015532],[73.12648105895374,36.686621307127666],[73.1893982192525,36.7218400795561],[73.21495566846937,36.69998919964189],[73.31473586856555,36.70642031634458],[73.36083626238366,36.71545476082861],[73.37210418755825,36.73493932209209],[73.44155038004607,36.74512058654591],[73.54392200269831,36.70935487432803],[73.60022734551563,36.72032945863765],[73.60746198758073,36.69851480341549],[73.63317389715769,36.690071880812695],[73.70058044703006,36.68486784317645],[73.72507774214415,36.71000308767242],[73.78310391791155,36.70235902744719],[73.8090608540752,36.71671308683955],[73.86625633775986,36.70006284332561],[73.90162601372958,36.706962805389196],[73.90006689057458,36.74970075908283],[73.86360160473032,36.788243763938624],[73.72393456352933,36.834430806536545],[73.71906642447595,36.85720001566824],[73.6814303391389,36.885567714078775],[73.69031770130096,36.91212831926657],[73.81806709851782,36.88565021518531],[73.87877128806457,36.89440203782385],[74.05578895899333,36.8064143950084],[74.09268321066168,36.83858701437924],[74.14272805615491,36.84010152846281],[74.16909912292624,36.902541753099456],[74.26137478811603,36.88656608026042],[74.4299098691452,36.99003316080177],[74.53220938775308,36.98684655522442],[74.55446210813983,36.95362461228609],[74.57869093493878,36.948593748103065],[74.5818401925709,37.04343982408864],[74.69391502435894,37.07784976245665],[74.71293243728223,37.07431447443349],[74.72824336184175,37.025987633522504],[74.75003272453068,37.01172923321758],[74.77886248111867,37.02978689594852],[74.84006411536672,37.02229827814307],[74.84604631478567,36.98993811954864],[74.92217078915064,36.90608746876171],[74.94134029991494,36.934723978129114],[75.01874122792537,36.97637072143169],[75.09596073390082,36.94278998586918],[75.15108451773636,36.967097634648155],[75.20896268038342,37.03680643187141],[75.34493034775738,37.05137219437131],[75.3480205163338,36.989858869491286],[75.37627797584798,36.960450844331035],[75.42090545552242,36.962892224896336],[75.41418994800773,36.89189161270781],[75.44403915628209,36.88723759503904],[75.47421085604623,36.810752091435916],[75.6164785702299,36.761599598242924],[75.76936460679121,36.57333113242589],[75.92336175843843,36.502447732476924],[76.07728845180065,36.474273966570365],[76.17313488326829,36.39030195227332],[76.25476112752409,36.347793680933705],[76.35240797205034,36.35987386298842],[76.43200397160604,36.308160981044466],[76.45003657382887,36.269405411530556],[76.43324623302726,36.25116297319272],[76.56297323672555,36.17306528823252],[76.60116467321114,36.16554886698668],[76.6444493949237,36.18402994312743],[76.70373604967898,36.12886039639022],[76.71962765299384,36.08320849267784],[76.80185287181263,36.04785860089379],[76.80776329723841,36.01866253604726],[76.76970192250576,36.009437789622325],[76.72277072598825,35.953430507312135],[76.81179214219367,35.84480391366975],[76.93522436191483,35.7840569190916],[77.02066374423646,35.77464344633802],[77.11566795611134,35.79777960674352],[77.16422570245425,35.76674017811678],[77.16728194500581,35.734579410911124],[77.22101771069885,35.72823655097608],[77.22818653228268,35.71248514117639],[77.27754629132835,35.720404924547665],[77.31520373106741,35.69912593971043],[77.32759901308407,35.7190901355014],[77.3584377049362,35.7177200129683],[77.40160531783118,35.66253273429828],[77.43104467087494,35.654581625741514],[77.42713685757997,35.610544549191616],[77.45685049125723,35.59360844897077],[77.46061315307463,35.54770755356083],[77.48659671726477,35.53200852567295],[77.43528955816663,35.51738673091296],[77.37839425469116,35.55034813665725],[77.32080351716866,35.53258577261539],[77.34868899550082,35.493694952260284],[77.43027579729028,35.464060620801035],[77.51246350358787,35.48861856079799],[77.61411379441614,35.46963708568302],[77.64496178345962,35.48910317307303],[77.67235664384407,35.470551189885555],[77.72296210331848,35.47552774311089],[77.73359064739054,35.52454827338414],[77.77280580464424,35.49535081458845],[77.81848241453184,35.51293962926053],[77.90128117688488,35.46805377795954],[77.9220402717412,35.494451109431225],[77.98254301584757,35.45586336780025],[77.96490796882773,35.49601185856045],[77.9312316533182,35.515752699627456],[77.96675328143886,35.571595711772716],[77.95248062867813,35.60697649257111],[77.9910181980315,35.58184019137178],[78.0419504063862,35.587385589173664],[78.07771099966294,35.549157149183145],[78.13731620058223,35.538868954438726],[78.15666514048388,35.552026944288116],[78.16219678225576,35.62938049241586],[78.1860808116802,35.62403100562648],[78.19966289572614,35.66915830691039],[78.25507332857131,35.6456340054051],[78.27207432926696,35.66889037728913],[78.273342127837,35.72195401036936],[78.38610203528077,35.73550768123454],[78.4232214034451,35.78532063923615],[78.52126944183135,35.763769319898245],[78.66495352888234,35.8573873194693],[78.7687734278515,35.86966954591287],[78.8237588375004,35.855833133592284],[78.96050607679405,35.89259278552868],[79.02163928792288,35.848748211560746],[79.13253415702576,35.836216874709066],[79.19404953775603,35.886924354175676],[79.18980941327385,35.947195262051764],[79.21546326441819,35.9787808372659],[79.37807231318675,35.99528720004429],[79.42206671960349,35.896528301539945],[79.51837404462651,35.883514061125084],[79.73753684604867,35.80200874690621],[79.87109284016248,35.78302748762849],[79.92998825295558,35.82744799912592],[79.99917735265274,35.837752877193566],[80.03823871054811,35.79976218018055],[80.10810237012834,35.68092545024939],[80.23733566221108,35.64193566849633],[80.29150434265136,35.60741849226963],[80.32801368987992,35.46965075717674],[80.28107723052983,35.44085982342216],[80.27092412834588,35.34423115174633],[80.23566987226684,35.276628402179085],[80.22600159279932,35.22001939697765],[80.18353720567757,35.16673083985643],[80.17475598330202,35.002328677826256],[80.1236735378036,34.89342733770155],[80.07314951553775,34.82843171375265],[80.06904001668346,34.7147770564161],[79.94456097710747,34.681062973877204],[79.86066619209117,34.68875436542169],[79.8165424955398,34.643438668759586],[79.77591149961609,34.627592594522696],[79.7930149996426,34.58963872564675],[79.77101256597717,34.582076304078214],[79.75846108341233,34.55471612514913],[79.81029071174703,34.53130810238707],[79.81454402838426,34.50006577501557],[79.79403280736824,34.48505450546111],[79.66201648407355,34.47967417372416],[79.59325177534919,34.500823910694976],[79.50851027862649,34.474279706443326],[79.52813893826146,34.41798528948959],[79.56120916736921,34.41001070323142],[79.55956843253716,34.33243207637929],[79.59191034568596,34.28278218165241],[79.5857404172865,34.24444718908654],[79.54448268382885,34.207291768000744],[79.5072263803932,34.2057945191018],[79.49473994039602,34.1358784119592],[79.42034979600635,34.078129160832134],[79.41448923169276,34.054904079959385],[79.43789178747608,34.02855440536155],[79.4265770022269,34.017432768407616],[79.19805403086889,34.05124305412369],[79.17123551630607,34.07286672841684],[79.15162795116908,34.06810420214725],[79.13580882601656,34.02724519930655],[79.11258389263259,34.01971619744461],[79.02237104019139,34.05090335320722],[78.95201994806223,34.0288679935631],[78.90568264763613,33.97620644467173],[78.94830899726247,33.92071762421904],[79.0008258524312,33.803327485275304],[79.01919375878498,33.798815415698925],[79.01675234494485,33.778695210915316],[79.0341398068067,33.78371467079546],[79.04725534325956,33.76611928477723],[79.06026759976999,33.78032017973254],[79.06849032966505,33.75643992746075],[79.0429711313127,33.74970604589737],[79.02052211500364,33.70573739786266],[79.05396135753068,33.67814083393239],[79.09116750127924,33.68699969388081],[79.10707338492881,33.61688426010056],[79.04779739343502,33.62772147746426],[78.98991795734793,33.611187295057675],[78.91671151052782,33.63233578466878],[78.91516215401026,33.57434595320325],[78.94279064297388,33.50930030266687],[78.93334789189174,33.432796264935746],[78.95366847821776,33.38112089011702],[78.99344870739196,33.330781826020484],[79.01780277647703,33.33548028818478],[79.09732224282732,33.294596873247144],[79.24062408743174,33.2978062847323],[79.31571508698175,33.273214119236286],[79.37005457925551,33.28265018745623],[79.45490562869185,33.25854828827295],[79.44665713771678,33.20581966434611],[79.37739113159552,33.084736472010604],[79.39376306011718,33.036184705259984],[79.33197156143848,33.01206746634057],[79.38407307371347,32.989087738508374],[79.3855509548128,32.96796438764642],[79.42230992056642,32.96153817404752],[79.56799455220687,32.78681392991899],[79.60322510125746,32.77696932037787],[79.62720504787472,32.73934708190234],[79.51574063362341,32.608119744630585],[79.46980970715231,32.576307420651005],[79.44812866510586,32.53251729703567],[79.40682034478317,32.52968335070614],[79.39452993540823,32.57230893680804],[79.32074559863054,32.59272751056619],[79.29510177402773,32.55010796251253],[79.2508831990005,32.53411935112723],[79.23780548443563,32.50585925390152],[79.19513542056325,32.48299861069739],[79.13742045339126,32.476947381116815],[79.14432749581732,32.42273506647018],[79.11509357850588,32.384223965963315],[79.03374010042535,32.385908429430515],[78.98192163807317,32.33783758233858],[78.85886607421003,32.440645179231694],[78.82722373019106,32.43870562756274],[78.77677466282051,32.55836180355442],[78.79710605629953,32.59836803865409],[78.76319570751593,32.65348231665564],[78.76912912141188,32.697050168330634],[78.72305045701302,32.66119282149157],[78.66231272904929,32.65402984460172],[78.62091929419012,32.596715100921244],[78.57338830922316,32.617612775908924],[78.49955275245759,32.58169893275959],[78.45984398611114,32.58001312930253],[78.42800642895361,32.53183328347927],[78.39998444162876,32.52597319310843],[78.445038,32.49791],[78.43811,32.45639],[78.478142,32.425861],[78.518761,32.418499],[78.464073,32.35223],[78.466156,32.284019],[78.439209,32.24646],[78.539421,32.249981],[78.592911,32.21867],[78.593697,32.182419],[78.57431,32.158619],[78.597336,32.122032],[78.647873,32.107132],[78.731407,32.007648],[78.771027,31.999811],[78.729446,31.90659],[78.721786,31.83733],[78.694687,31.81719],[78.691353,31.79335],[78.724663,31.763861],[78.711342,31.741262],[78.734398,31.69198],[78.779648,31.68984],[78.786743,31.657551],[78.831093,31.615261],[78.797287,31.576153],[78.72126,31.540951],[78.706642,31.518393],[78.716583,31.484882],[78.748932,31.49062],[78.795479,31.452763],[78.776436,31.40123],[78.834229,31.372471],[78.82901,31.3302],[78.858246,31.312981],[78.879539,31.27072],[78.914093,31.261631],[78.925377,31.33176],[78.989677,31.361839],[79.047859,31.470383],[79.12886,31.43873],[79.248093,31.296619],[79.233887,31.25404],[79.27282,31.23074],[79.299622,31.14924],[79.381851,31.118351],[79.413086,31.037552],[79.501259,31.039141],[79.519386,30.993441],[79.537712,30.991301],[79.53112,30.9741],[79.587242,30.94309],[79.649406,30.970591],[79.653946,30.98575],[79.704773,30.983391],[79.742149,31.00679],[79.804993,30.97777],[79.854927,30.97891],[79.87471,30.930441],[79.915047,30.89222],[80.044113,30.844],[80.103149,30.779671],[80.157272,30.812752],[80.190453,30.763811],[80.223839,30.764099],[80.237297,30.7377],[80.219772,30.69725],[80.180496,30.669861],[80.208961,30.645082],[80.198517,30.62314],[80.215736,30.579041],[80.240227,30.565401],[80.305603,30.567501],[80.368286,30.526871],[80.400551,30.53117],[80.423546,30.505659],[80.489708,30.48914],[80.526489,30.454309],[80.56636,30.488602],[80.58419,30.487223],[80.737488,30.39814],[80.811287,30.319981],[81.019608,30.252953],[81.018875,30.236837],[80.990463,30.246817],[80.911919,30.223215],[80.864571,30.168896],[80.879219,30.128515],[80.762932,30.049492],[80.749397,30.00663],[80.721291,30.000378],[80.677917,29.958115],[80.605339,29.958717],[80.576035,29.923437],[80.554512,29.849237],[80.509026,29.823042],[80.497215,29.797415],[80.437714,29.805716],[80.408638,29.794445],[80.399292,29.759291],[80.36972,29.750616],[80.386017,29.675014],[80.421921,29.639114],[80.409492,29.594919],[80.380516,29.561316],[80.344353,29.552864],[80.359772,29.53187],[80.351326,29.518946],[80.288437,29.477221],[80.304222,29.453079],[80.24482,29.444506],[80.243347,29.411587],[80.276917,29.392216],[80.281105,29.347616],[80.318138,29.315639],[80.292419,29.231873],[80.299004,29.20503],[80.286201,29.196827],[80.249916,29.220615],[80.242416,29.203316],[80.273407,29.142023],[80.235016,29.118416],[80.18602,29.137316],[80.146027,29.103001],[80.130119,29.060997],[80.126259,29.013002],[80.137321,29.007311],[80.119553,28.98171],[80.101906,28.986433],[80.060143,28.916317],[80.076714,28.824383],[80.119804,28.82873],[80.217728,28.755283],[80.252289,28.757822],[80.2668,28.743505],[80.257904,28.729336],[80.31852,28.700115],[80.327583,28.666304],[80.360916,28.637014],[80.45282,28.628815],[80.470253,28.582916],[80.519341,28.551723],[80.53199,28.573425],[80.505188,28.665226],[80.541618,28.690538],[80.570419,28.687803],[80.592041,28.679726],[80.591454,28.647625],[80.669342,28.641821],[80.679031,28.604292],[80.697426,28.603296],[80.691925,28.587029],[80.716301,28.567898],[80.76963,28.565517],[80.790756,28.52426],[80.867287,28.489439],[80.863327,28.504126],[80.877625,28.509718],[80.910309,28.49754],[80.917389,28.457523],[80.944229,28.468336],[80.934044,28.458519],[80.953415,28.447458],[80.981514,28.455162],[80.966599,28.444599],[80.980888,28.434311],[81.019173,28.451559],[81.014694,28.438137],[81.035606,28.427834],[81.018547,28.41564],[81.034119,28.398716],[81.036613,28.413315],[81.081535,28.384838],[81.212418,28.360516],[81.23629,28.32456],[81.234535,28.288885],[81.322411,28.197168],[81.323021,28.168713],[81.303841,28.166929],[81.329727,28.148207],[81.319786,28.133419],[81.373116,28.142216],[81.376938,28.176893],[81.445709,28.16214],[81.485817,28.118132],[81.480225,28.082516],[81.625916,28.001451],[81.704002,27.986521],[81.886848,27.857159],[81.928017,27.859646],[81.970116,27.928816],[82.069717,27.923416],[82.125221,27.86484],[82.210205,27.842991],[82.450714,27.678616],[82.709915,27.721699],[82.713753,27.664936],[82.739616,27.640549],[82.736877,27.60948],[82.757881,27.586615],[82.737007,27.503101],[82.931618,27.500866],[82.956223,27.467808],[83.036118,27.448715],[83.190216,27.454016],[83.274216,27.383415],[83.27462,27.352615],[83.319603,27.329988],[83.361214,27.343016],[83.41169,27.412506],[83.386833,27.435125],[83.403984,27.457493],[83.39093,27.47949],[83.616737,27.469423],[83.864792,27.346394],[83.908409,27.384296],[83.875237,27.391912],[83.870247,27.428507],[83.93322,27.449415],[84.029419,27.43363],[84.097549,27.489431],[84.099792,27.516773],[84.14801,27.518637],[84.150993,27.485704],[84.207916,27.469416],[84.21064,27.442333],[84.256248,27.4519],[84.293411,27.385042],[84.622017,27.338207],[84.693062,27.214802],[84.676422,27.095484],[84.64846,27.075352],[84.644852,27.047197],[84.758934,27.002651],[84.774826,27.017532],[84.795723,26.995569],[84.813866,27.0203],[84.831886,27.019304],[84.893646,26.969595],[84.964485,26.960276],[84.980515,26.940018],[84.969826,26.916033],[85.062416,26.886705],[85.031517,26.875021],[85.024445,26.855433],[85.089684,26.853333],[85.088882,26.867069],[85.113365,26.872166],[85.197708,26.866594],[85.179115,26.811914],[85.212288,26.758703],[85.336319,26.741415],[85.409637,26.791138],[85.454819,26.781698],[85.498314,26.798115],[85.577652,26.860731],[85.587517,26.84696],[85.626221,26.873415],[85.72332,26.820015],[85.736717,26.795616],[85.734619,26.654316],[85.819824,26.602524],[85.853317,26.609516],[85.852119,26.568415],[85.931084,26.616285],[85.95034,26.61322],[85.962524,26.651081],[86.030739,26.666422],[86.140739,26.628714],[86.13842,26.606209],[86.19455,26.614422],[86.199417,26.5933],[86.219612,26.58811],[86.25457,26.616783],[86.33004,26.619154],[86.501129,26.541597],[86.54422,26.538115],[86.572777,26.496895],[86.695747,26.450884],[86.733521,26.422045],[86.7677,26.458458],[86.8358,26.438698],[86.896416,26.461716],[86.894112,26.485786],[86.932228,26.489317],[86.935097,26.516493],[87.017715,26.531815],[87.04731,26.586956],[87.07428,26.585466],[87.093918,26.450016],[87.165016,26.403816],[87.258705,26.41086],[87.268387,26.373611],[87.314919,26.371115],[87.343414,26.347515],[87.360855,26.360779],[87.371292,26.407755],[87.469093,26.440065],[87.550018,26.418215],[87.608414,26.380602],[87.654388,26.393213],[87.652771,26.405518],[87.680862,26.415459],[87.680237,26.435095],[87.73616,26.407505],[87.76886,26.412096],[87.792213,26.468916],[87.851219,26.436214],[87.890633,26.48642],[87.912102,26.457449],[87.901199,26.448391],[87.926674,26.446404],[87.929306,26.417948],[87.994156,26.39222],[88.010185,26.360779],[88.032555,26.364632],[88.037155,26.391724],[88.097404,26.437443],[88.094429,26.462677],[88.10923,26.475925],[88.092918,26.506716],[88.11409,26.544846],[88.107986,26.56061],[88.132721,26.573286],[88.132469,26.601],[88.16304,26.636293],[88.189011,26.738197],[88.176086,26.865206],[88.138931,26.898386],[88.148621,26.920416],[88.123016,26.950115],[88.137482,26.985268],[88.095039,27.00404],[88.079552,27.035074],[88.04026,27.036318],[88.023727,27.087406],[87.990051,27.118973],[88.021988,27.17067],[88.015137,27.216541],[88.034294,27.285995],[88.069214,27.335581],[88.044418,27.370716],[88.049416,27.405216],[88.082886,27.429533],[88.046333,27.495766],[88.087135,27.589001],[88.147255,27.665403],[88.161049,27.740618],[88.181213,27.746815],[88.199921,27.790529],[88.17572,27.820215],[88.203926,27.837315],[88.198914,27.853516],[88.129982,27.881516],[88.113892,27.912191],[88.134743,27.96298],[88.18866,27.94368],[88.209808,27.967781],[88.230469,27.96769],[88.243889,27.94854],[88.337761,27.987989],[88.389801,27.978081],[88.483116,28.045588],[88.538948,28.038891],[88.554451,28.084831],[88.616463,28.10368],[88.606728,28.126181],[88.621239,28.130968],[88.666771,28.07408],[88.751083,28.073313],[88.832901,28.011539],[88.83625,27.932001],[88.861237,27.923462],[88.885643,27.859058],[88.854263,27.816523],[88.862381,27.739],[88.838623,27.71047],[88.846611,27.6689],[88.809906,27.641918],[88.805489,27.603251],[88.767067,27.56496],[88.788948,27.526131],[88.783386,27.455551],[88.809326,27.40519],[88.839828,27.378159],[88.858833,27.38587],[88.889862,27.336401],[88.922371,27.326321],[88.899208,27.274973],[88.801102,27.24758],[88.7882,27.185835],[88.760857,27.175192],[88.751015,27.142935],[88.869919,27.108721],[88.874985,26.951546],[88.919006,26.996201],[88.95369,26.968204],[88.939865,26.94241],[88.962379,26.924131],[89.024918,26.940271],[89.046455,26.90365],[89.09034,26.89397],[89.102028,26.836309],[89.131073,26.808069],[89.172913,26.821653],[89.189789,26.808521],[89.255592,26.81687],[89.316109,26.8528],[89.328346,26.840132],[89.377167,26.866291],[89.391006,26.840958],[89.449226,26.83386],[89.459282,26.806259],[89.558884,26.815554],[89.621788,26.776922],[89.644737,26.780945],[89.65451,26.763512],[89.614296,26.725634],[89.65863,26.718481],[89.673813,26.740381],[89.72641,26.722334],[89.75666,26.736464],[89.775887,26.699091],[89.807213,26.715021],[89.855026,26.702848],[89.862389,26.737003],[89.957779,26.723166],[90.127838,26.749043],[90.188721,26.770573],[90.184044,26.809732],[90.214821,26.853701],[90.301506,26.84823],[90.355103,26.89609],[90.409706,26.90192],[90.559937,26.801018],[90.712273,26.767578],[90.99601,26.788271],[91.053978,26.779472],[91.096596,26.819803],[91.262337,26.805],[91.336319,26.779652],[91.408348,26.835562],[91.492767,26.789764],[91.623802,26.821323],[91.687248,26.805094],[91.801971,26.85206],[91.853462,26.912291],[91.883461,26.916201],[91.942017,26.894871],[91.98558,26.858253],[92.055191,26.848053],[92.09742,26.86861],[92.117386,26.960218],[92.103287,27.00775],[92.033745,27.064816],[92.022202,27.11492],[92.036476,27.138435],[92.023376,27.162334],[92.069649,27.22364],[92.039597,27.266672],[92.101624,27.26911],[92.120613,27.287571],[92.058792,27.3272],[92.054474,27.400118],[92.019188,27.44762],[92.018761,27.479746],[91.939377,27.46063],[91.863029,27.482071],[91.828476,27.468981],[91.720016,27.47036],[91.690086,27.50275],[91.647408,27.48473],[91.56678,27.575041],[91.576126,27.608311],[91.557739,27.633467],[91.596375,27.692564],[91.623741,27.705971],[91.639595,27.7652],[91.628159,27.800831],[91.598824,27.820852],[91.565468,27.815315],[91.543892,27.855555],[91.661957,27.85824],[91.709572,27.81329],[91.758133,27.801298],[91.824211,27.81035],[91.860527,27.736933],[91.918762,27.715101],[91.983856,27.769991],[92.055397,27.75913],[92.156097,27.837021],[92.210396,27.85899],[92.264023,27.857931],[92.284691,27.80756],[92.315956,27.77824],[92.379837,27.795019],[92.382957,27.815571],[92.40686,27.822088],[92.454933,27.803263],[92.501328,27.841501],[92.560692,27.821041],[92.605072,27.877508],[92.669212,27.900131],[92.739487,27.98941],[92.695427,28.04837],[92.662933,28.062771],[92.686989,28.125799],[92.799637,28.20223],[92.816177,28.20162],[92.826469,28.172035],[92.895256,28.204611],[92.912949,28.23502],[92.964523,28.26181],[93.000359,28.230791],[93.033783,28.26313],[93.023666,28.3032],[93.095352,28.307079],[93.124786,28.326799],[93.193756,28.318041],[93.218979,28.333731],[93.231522,28.400711],[93.182663,28.439991],[93.275917,28.504829],[93.305267,28.566259],[93.299873,28.59955],[93.327637,28.60829],[93.336906,28.64016],[93.411842,28.652901],[93.445671,28.676041],[93.474197,28.65365],[93.491119,28.683962],[93.533836,28.65885],[93.620087,28.65773],[93.731567,28.68928],[93.775177,28.668518],[93.84404,28.70739],[93.926132,28.671801],[93.95697,28.704679],[93.968506,28.751383],[94.001427,28.775539],[93.985268,28.79829],[93.994911,28.84137],[94.030067,28.853451],[94.066536,28.89609],[94.155136,28.954762],[94.214691,29.084089],[94.287727,29.148149],[94.356926,29.15259],[94.372276,29.190229],[94.431183,29.226822],[94.494461,29.216673],[94.557899,29.22891],[94.577759,29.280769],[94.619003,29.312799],[94.628159,29.348591],[94.711052,29.30434],[94.777382,29.241119],[94.797897,29.20999],[94.797989,29.16461],[94.871803,29.18429],[95.022797,29.130621],[94.986687,29.173538],[94.997498,29.173012],[95.098396,29.143801],[95.121758,29.116251],[95.250763,29.10988],[95.250107,29.068571],[95.266556,29.05765],[95.447426,29.036013],[95.485893,29.07625],[95.49633,29.14031],[95.546806,29.128651],[95.53772,29.214001],[95.5858,29.217993],[95.598732,29.261862],[95.638023,29.24984],[95.701897,29.300421],[95.727051,29.302469],[95.777626,29.3564],[95.796486,29.33633],[95.880852,29.391491],[95.957108,29.382668],[96.055603,29.45841],[96.087189,29.461611],[96.175247,29.364531],[96.183083,29.309252],[96.243568,29.235123],[96.292999,29.235788],[96.363152,29.285631],[96.392807,29.2565],[96.346359,29.17103],[96.260201,29.16016],[96.217499,29.1381],[96.185623,29.09462],[96.114502,29.077602],[96.150391,29.053141],[96.184853,28.988119],[96.145248,28.937489],[96.166527,28.90593],[96.248299,28.942841],[96.293701,28.99873],[96.346703,29.032269],[96.435791,29.037588],[96.5252,29.079281],[96.477402,28.99404],[96.487526,28.96534],[96.518829,28.970989],[96.537453,28.884121],[96.615997,28.77858],[96.585938,28.721588],[96.47274,28.68821],[96.494057,28.638191],[96.42807,28.587141],[96.400917,28.594311],[96.406609,28.564041],[96.354607,28.560591],[96.325676,28.53401],[96.372963,28.48704],[96.263771,28.41338],[96.304642,28.40472],[96.319878,28.38616],[96.370941,28.3943],[96.399406,28.3445],[96.422859,28.350971],[96.431999,28.391731],[96.458267,28.419222],[96.510262,28.418308],[96.57959,28.463093],[96.664566,28.465771],[96.751053,28.421713],[96.774376,28.374071],[96.852219,28.368361],[96.898666,28.3859],[96.925903,28.34503],[96.996498,28.316231],[97.092567,28.369692],[97.151993,28.33403],[97.17392,28.299061],[97.224243,28.299891],[97.241241,28.275131],[97.282066,28.27626],[97.400566,28.2005],[97.363571,28.196468],[97.330803,28.162971],[97.339012,28.119541],[97.307747,28.077101],[97.37352,28.070238],[97.377068,28.039091],[97.415161,28.02408],[97.378067,27.986151],[97.389023,27.896379],[97.321167,27.889511],[97.308708,27.92996],[97.256477,27.909531],[97.160347,27.822592],[97.102463,27.793421],[97.09642,27.749929],[97.067543,27.759722],[97.028572,27.749121],[96.978302,27.671873],[96.942322,27.66745],[96.897583,27.620802],[96.937683,27.53006],[96.91185,27.462709],[96.965523,27.415359],[97.003342,27.329941],[97.040329,27.307859],[97.094078,27.24789],[97.100502,27.214979],[97.167206,27.155479],[97.171738,27.13681],[97.146431,27.10284],[97.108559,27.12126],[97.062683,27.11116],[96.984657,27.16671],[96.875633,27.19356],[96.863373,27.21924],[96.890007,27.23687],[96.885101,27.26796],[96.861717,27.272511],[96.849747,27.30628],[96.802361,27.354431],[96.712547,27.38073],[96.699097,27.365561],[96.612541,27.36937],[96.600807,27.344631],[96.522331,27.29397],[96.470749,27.312462],[96.347717,27.288391],[96.310837,27.30204],[96.267433,27.27784],[96.234329,27.28488],[96.03643,27.196051],[95.936249,27.052992],[95.877136,27.020498],[95.807938,27.020451],[95.76088,26.963989],[95.758133,26.9149],[95.730812,26.887491],[95.703491,26.88719],[95.673363,26.910221],[95.636757,26.87929],[95.611519,26.821213],[95.554756,26.839569],[95.532776,26.831209],[95.428856,26.700041],[95.302582,26.656021],[95.272026,26.662821],[95.243958,26.693901],[95.214859,26.65568],[95.154709,26.61949],[95.154488,26.580803],[95.114792,26.548],[95.120781,26.529791],[95.066406,26.450371],[95.087021,26.451988],[95.108673,26.423731],[95.104767,26.401251],[95.135742,26.387833],[95.121231,26.238701],[95.14254,26.214241],[95.118057,26.16894],[95.120567,26.109741],[95.185699,26.080351],[95.106468,25.968151],[95.036697,25.93507],[95.021866,25.91],[95.015411,25.872021],[95.051796,25.80517],[95.052528,25.762659],[94.937576,25.669031],[94.919678,25.611141],[94.888977,25.593111],[94.904991,25.56711],[94.849442,25.56069],[94.812492,25.495371],[94.688637,25.4655],[94.673828,25.416201],[94.63118,25.387291],[94.585358,25.21575],[94.608871,25.191048],[94.745659,25.136591],[94.74221,25.025249],[94.70314,24.978271],[94.71907,24.942471],[94.637848,24.84236],[94.624832,24.795811],[94.633308,24.764961],[94.610847,24.722113],[94.590988,24.71093],[94.581657,24.73134],[94.576561,24.712061],[94.550987,24.716539],[94.531487,24.632391],[94.465492,24.57556],[94.429596,24.49334],[94.403419,24.48778],[94.403908,24.421141],[94.365341,24.399679],[94.383369,24.37941],[94.351753,24.34201],[94.326347,24.338949],[94.327988,24.292431],[94.295143,24.239851],[94.28373,24.17988],[94.262718,24.167747],[94.259697,24.08956],[94.247177,24.062563],[94.23307,24.0669],[94.245323,24.044243],[94.194496,23.96501],[94.195969,23.937721],[94.170776,23.935093],[94.161461,23.852779],[94.122643,23.84273],[94.096092,23.893572],[94.05661,23.8976],[94.017693,23.93395],[93.969383,23.933941],[93.953781,23.950199],[93.907021,23.95714],[93.815987,23.929829],[93.756943,24.009493],[93.739952,23.99917],[93.620659,24.01424],[93.603462,23.969591],[93.563538,23.989578],[93.554932,23.965219],[93.508713,23.9489],[93.468857,23.97394],[93.424736,24.071711],[93.346916,24.112968],[93.353836,24.097681],[93.334007,24.09013],[93.334427,23.98695],[93.37104,23.94054],[93.39872,23.930281],[93.405289,23.761591],[93.416946,23.71213],[93.444702,23.682428],[93.428276,23.653549],[93.427643,23.53437],[93.407623,23.50848],[93.397186,23.433311],[93.414238,23.388012],[93.39875,23.364271],[93.365807,23.354481],[93.394707,23.224279],[93.373947,23.150301],[93.393646,23.138613],[93.365021,23.11669],[93.332642,23.035671],[93.297722,23.005798],[93.253197,23.006481],[93.19445,23.06031],[93.167831,23.049021],[93.141853,23.06061],[93.132942,23.047501],[93.129196,23.000769],[93.16835,22.91913],[93.138756,22.913179],[93.116188,22.81628],[93.099266,22.81041],[93.112686,22.74424],[93.091751,22.709341],[93.144371,22.59886],[93.111687,22.53179],[93.133659,22.519939],[93.142067,22.463261],[93.175423,22.451321],[93.190811,22.427259],[93.20858,22.261068],[93.14711,22.24654],[93.169823,22.20006],[93.154411,22.17819],[93.076988,22.21011],[93.046661,22.19762],[93.046928,22.13867],[93.065567,22.102053],[93.013268,22.102211],[92.999969,22.050381],[93.009247,21.983931],[92.988029,21.98292],[92.955803,22.029921],[92.93161,22.017509],[92.910889,21.94623],[92.867737,22.065363],[92.844643,22.063433],[92.817093,22.09557],[92.717888,22.15263],[92.699356,22.148333],[92.693558,22.07725],[92.683838,22.105349],[92.684357,22.01791],[92.60968,21.976837],[92.60498,22.057631],[92.570419,22.129122],[92.587639,22.13966],[92.609978,22.121309],[92.613892,22.172941],[92.55278,22.5205],[92.531448,22.56234],[92.531746,22.656141],[92.511398,22.73661],[92.484619,22.75025],[92.477791,22.79833],[92.457687,22.821136],[92.464371,22.856028],[92.447533,22.893591],[92.432899,22.88693],[92.421432,22.92012],[92.375427,22.934881],[92.393669,23.058168],[92.365799,23.105949],[92.361099,23.237537],[92.40863,23.24608],[92.372856,23.322929],[92.380402,23.36249],[92.364189,23.36952],[92.361771,23.409073],[92.323196,23.473803],[92.317993,23.554611],[92.29361,23.595961],[92.300179,23.625259],[92.281441,23.630051],[92.29525,23.692699],[92.27626,23.72187],[92.247452,23.7241],[92.24691,23.691759],[92.224052,23.65732],[92.217728,23.69519],[92.167587,23.741442],[92.070671,23.64465],[92.023125,23.657965],[91.98362,23.72974],[91.962112,23.727701],[91.942307,23.681808],[91.975166,23.482443],[91.941811,23.46911],[91.94178,23.43759],[91.903511,23.441448],[91.847359,23.40023],[91.770912,23.26376],[91.792168,23.229313],[91.785561,23.20784],[91.813858,23.11858],[91.835503,23.09391],[91.815132,23.069851],[91.780357,23.068529],[91.785042,23.03171],[91.773376,23.04406],[91.725578,22.989321],[91.698341,23.002642],[91.688499,22.98794],[91.652138,22.991951],[91.618713,22.944151],[91.61924,22.95977],[91.604851,22.956039],[91.611961,22.973351],[91.583351,22.963221],[91.548889,22.994762],[91.554199,23.033779],[91.535728,23.038773],[91.535278,23.087048],[91.508911,23.127211],[91.521721,23.139103],[91.497429,23.153311],[91.510933,23.182039],[91.474243,23.188837],[91.485977,23.21224],[91.458618,23.215422],[91.4748,23.22562],[91.451683,23.24346],[91.459717,23.254711],[91.423683,23.25502],[91.419006,23.280222],[91.38884,23.179461],[91.421997,23.05925],[91.377678,23.064051],[91.330338,23.157673],[91.332306,23.25275],[91.306419,23.29056],[91.321548,23.30217],[91.297256,23.32098],[91.325607,23.36231],[91.296669,23.354471],[91.253777,23.489719],[91.206879,23.517771],[91.218018,23.548361],[91.199448,23.547981],[91.165817,23.602251],[91.161278,23.670601],[91.198891,23.646971],[91.21006,23.687551],[91.158287,23.691221],[91.161667,23.742661],[91.200096,23.75312],[91.224617,23.740101],[91.232063,23.79701],[91.257607,23.839651],[91.232506,23.883202],[91.249451,23.91329],[91.235222,23.9286],[91.276268,23.926241],[91.271843,23.963612],[91.283676,23.983103],[91.29966,23.972721],[91.306412,23.998569],[91.378197,23.976879],[91.374329,24.007891],[91.396507,24.051352],[91.375427,24.107531],[91.490486,24.097801],[91.542961,24.07637],[91.596199,24.08021],[91.596863,24.096371],[91.640312,24.10836],[91.635948,24.139339],[91.660233,24.187571],[91.648087,24.214371],[91.667526,24.2304],[91.692398,24.159328],[91.7612,24.141582],[91.743469,24.247128],[91.815559,24.208952],[91.847488,24.228321],[91.856857,24.214178],[91.841751,24.19772],[91.888252,24.13703],[91.902626,24.137838],[91.941856,24.267578],[91.920433,24.335751],[91.957108,24.356251],[91.99543,24.32126],[91.998306,24.339291],[91.964577,24.38184],[91.974091,24.388639],[91.986366,24.376101],[92.000046,24.392031],[92.089043,24.373421],[92.123718,24.3873],[92.13913,24.42445],[92.16687,24.42211],[92.155876,24.524229],[92.173363,24.53397],[92.230873,24.499628],[92.250908,24.657089],[92.298271,24.736551],[92.285057,24.7437],[92.293411,24.7894],[92.279663,24.828041],[92.24411,24.849373],[92.245232,24.91025],[92.283096,24.904779],[92.298378,24.92005],[92.391472,24.849941],[92.416451,24.862843],[92.43235,24.85211],[92.449181,24.877247],[92.491798,24.874022],[92.50473,24.904371],[92.489273,24.954359],[92.468681,24.94244],[92.452087,24.95343],[92.473717,24.9571],[92.460548,24.976151],[92.428497,24.97258],[92.432846,25.031021],[92.347168,25.052191],[92.347832,25.078253],[92.314941,25.07233],[92.233543,25.097],[92.212318,25.116461],[92.232323,25.11961],[92.187546,25.12196],[92.139496,25.1455],[92.139717,25.16243],[92.07177,25.189623],[92.013939,25.190191],[91.988861,25.175621],[91.834732,25.1824],[91.781906,25.16828],[91.752876,25.179821],[91.744003,25.15122],[91.707306,25.1588],[91.695847,25.13908],[91.644531,25.122721],[91.605583,25.145802],[91.617416,25.175911],[91.474068,25.13386],[91.471199,25.150148],[91.445961,25.149101],[91.419807,25.170111],[91.342323,25.172258],[91.273788,25.204308],[91.082497,25.197493],[90.866959,25.15612],[90.814407,25.1625],[90.785423,25.183969],[90.739281,25.15443],[90.673012,25.166641],[90.671173,25.19729],[90.648781,25.17334],[90.516701,25.17507],[90.452362,25.144503],[90.379547,25.164263],[90.34153,25.193501],[90.115196,25.226921],[90.059776,25.262939],[89.985947,25.28236],[89.971237,25.303061],[89.911263,25.308691],[89.881477,25.287031],[89.834267,25.29567],[89.847397,25.310251],[89.821663,25.385361],[89.856667,25.46249],[89.85778,25.53483],[89.874001,25.542061],[89.886681,25.621052],[89.855659,25.707109],[89.831802,25.725],[89.843567,25.76824],[89.814529,25.81698],[89.890358,25.940229],[89.828201,25.94356],[89.851463,25.946442],[89.841492,25.963923],[89.875397,25.97611],[89.839577,26.01046],[89.839752,25.98101],[89.82296,25.984909],[89.813072,26.041971],[89.79467,26.015659],[89.804092,26.039381],[89.777931,26.035706],[89.803467,26.05764],[89.798508,26.08387],[89.785889,26.083208],[89.787041,26.105247],[89.759132,26.109041],[89.77066,26.127453],[89.750923,26.155611],[89.684639,26.160419],[89.705177,26.17165],[89.676361,26.201361],[89.693916,26.2103],[89.682167,26.23572],[89.673248,26.218679],[89.637581,26.227678],[89.653038,26.189939],[89.629837,26.18619],[89.659042,26.17893],[89.651878,26.16466],[89.619507,26.17804],[89.613487,26.153353],[89.594589,26.15691],[89.608177,26.116529],[89.632988,26.1189],[89.596657,26.100891],[89.61145,26.088181],[89.632668,26.10697],[89.652687,26.063589],[89.621597,26.05279],[89.60836,26.06361],[89.616676,26.052973],[89.581482,26.024208],[89.591766,25.99399],[89.580406,25.96818],[89.543587,25.97051],[89.553658,25.99988],[89.542351,26.005381],[89.47834,25.99671],[89.438507,26.008598],[89.429543,26.045618],[89.398407,26.00688],[89.352448,26.010509],[89.328377,26.037083],[89.283051,26.049021],[89.285141,26.065948],[89.261566,26.063921],[89.272202,26.09164],[89.230171,26.122641],[89.160049,26.142288],[89.16217,26.160742],[89.140587,26.180099],[89.155357,26.208651],[89.146881,26.235361],[89.108429,26.282343],[89.112518,26.31699],[89.130501,26.2885],[89.144447,26.32078],[89.090218,26.324329],[89.107132,26.338001],[89.102898,26.36191],[89.086853,26.366117],[89.102432,26.393511],[89.041039,26.397921],[88.96434,26.463133],[88.951447,26.429171],[88.933777,26.43634],[88.935257,26.41371],[88.91127,26.412069],[88.925926,26.40147],[88.919891,26.36994],[88.963623,26.365803],[88.953621,26.34897],[88.963799,26.33267],[88.968369,26.354271],[88.991432,26.352211],[89.007629,26.32864],[88.99189,26.304779],[89.023613,26.292381],[89.032288,26.30784],[89.033348,26.285561],[89.065163,26.29394],[89.069702,26.255333],[88.970436,26.241558],[88.934853,26.2883],[88.888351,26.291571],[88.86821,26.27747],[88.885109,26.23885],[88.846786,26.23427],[88.819206,26.259701],[88.821587,26.300713],[88.798927,26.313169],[88.761581,26.300591],[88.749191,26.353241],[88.704369,26.33436],[88.681816,26.38031],[88.702682,26.38846],[88.671982,26.398939],[88.687416,26.410721],[88.62455,26.435431],[88.620697,26.471069],[88.595207,26.4718],[88.597023,26.44939],[88.557121,26.45685],[88.561058,26.48892],[88.526657,26.481741],[88.524757,26.50614],[88.493942,26.51409],[88.486061,26.541311],[88.43541,26.54682],[88.416748,26.632971],[88.400887,26.626921],[88.334366,26.47868],[88.355911,26.44581],[88.367607,26.487053],[88.483246,26.461109],[88.524826,26.359838],[88.487022,26.34922],[88.457893,26.373751],[88.438103,26.337049],[88.40696,26.33042],[88.41613,26.315971],[88.389427,26.313688],[88.351753,26.281582],[88.352516,26.21999],[88.276169,26.18659],[88.249786,26.189301],[88.180443,26.145693],[88.160957,26.077982],[88.186157,26.068708],[88.173088,26.032761],[88.187111,26.024061],[88.143997,26.01182],[88.11348,25.93577],[88.086761,25.9125],[88.108353,25.889591],[88.117142,25.796659],[88.141556,25.79385],[88.151703,25.773771],[88.186256,25.79878],[88.208549,25.785448],[88.269928,25.80814],[88.271759,25.779921],[88.378578,25.712551],[88.374969,25.694902],[88.407143,25.669319],[88.456726,25.6605],[88.446396,25.596981],[88.500046,25.581263],[88.496628,25.557751],[88.5233,25.533081],[88.533707,25.540083],[88.542923,25.50662],[88.553307,25.517721],[88.578056,25.50548],[88.609428,25.513161],[88.647957,25.494951],[88.649818,25.476999],[88.698883,25.469971],[88.711121,25.497042],[88.769096,25.4923],[88.762856,25.52132],[88.810387,25.519751],[88.814552,25.48712],[88.839073,25.469591],[88.83696,25.425091],[88.816887,25.408178],[88.844963,25.392019],[88.843658,25.36241],[88.888649,25.322533],[88.906487,25.33555],[88.925606,25.30356],[89.011253,25.292381],[89.007027,25.27533],[88.985527,25.27939],[88.956642,25.25927],[88.958878,25.219601],[88.934853,25.218151],[88.947388,25.18404],[88.929771,25.184971],[88.923027,25.16713],[88.87693,25.181051],[88.84491,25.211201],[88.803787,25.172291],[88.772987,25.191038],[88.752037,25.17783],[88.709229,25.2096],[88.617073,25.206108],[88.565811,25.177691],[88.559258,25.19405],[88.53569,25.19054],[88.499718,25.211679],[88.445847,25.196289],[88.462646,25.142031],[88.442802,25.126263],[88.452873,25.079271],[88.436539,25.05018],[88.453812,25.035601],[88.413559,24.993561],[88.417358,24.973989],[88.397461,24.96912],[88.401497,24.94569],[88.341728,24.939011],[88.326332,24.9107],[88.347893,24.892179],[88.32515,24.865891],[88.322739,24.881552],[88.304283,24.870411],[88.277428,24.895733],[88.263817,24.87546],[88.263573,24.918261],[88.227966,24.959431],[88.139687,24.936129],[88.175606,24.860983],[88.147606,24.850231],[88.136108,24.805311],[88.122459,24.82163],[88.105927,24.779449],[88.070587,24.769421],[88.064743,24.72138],[88.010567,24.66666],[88.14785,24.50563],[88.199997,24.460569],[88.275192,24.438681],[88.333008,24.38319],[88.44838,24.377041],[88.528709,24.344181],[88.555,24.29649],[88.569733,24.327471],[88.629753,24.306082],[88.702507,24.310659],[88.735519,24.27319],[88.731979,24.197399],[88.717247,24.200218],[88.699516,24.166031],[88.710197,24.118919],[88.694687,24.1134],[88.699959,24.09487],[88.725586,24.09589],[88.722382,24.065771],[88.737633,24.059429],[88.723289,24.0525],[88.739166,24.03459],[88.727188,23.994501],[88.758743,24.008183],[88.770988,23.984781],[88.734962,23.97817],[88.731537,23.912983],[88.702118,23.91288],[88.703781,23.89883],[88.658623,23.868059],[88.629379,23.861811],[88.617981,23.87558],[88.575981,23.859751],[88.60173,23.816851],[88.55928,23.78413],[88.578796,23.765341],[88.561676,23.642071],[88.592422,23.636572],[88.580856,23.60074],[88.64492,23.608061],[88.659187,23.55266],[88.727356,23.50832],[88.74292,23.48078],[88.798508,23.49489],[88.790947,23.441351],[88.765297,23.44281],[88.757408,23.419008],[88.762306,23.36175],[88.733559,23.3463],[88.746078,23.309801],[88.726959,23.316759],[88.722763,23.299023],[88.709686,23.308632],[88.697403,23.29648],[88.723717,23.26963],[88.72036,23.252663],[88.796707,23.21557],[88.814087,23.21656],[88.817879,23.25099],[88.830933,23.24469],[88.822601,23.232651],[88.85276,23.224609],[88.913467,23.23],[88.919159,23.208311],[88.951759,23.202513],[88.979637,23.222052],[88.994698,23.21236],[88.981956,23.181292],[88.961571,23.189873],[88.920868,23.126101],[88.869568,23.09536],[88.873413,23.004341],[88.846733,23.002432],[88.867973,22.989601],[88.861473,22.955151],[88.895447,22.95051],[88.896988,22.926741],[88.913879,22.918619],[88.909332,22.877401],[88.946007,22.877439],[88.967529,22.842628],[88.958443,22.79421],[88.919189,22.761711],[88.920769,22.73385],[88.95919,22.69117],[88.947281,22.659851],[88.931946,22.64555],[88.920258,22.666948],[88.905632,22.679068],[88.864365,22.665083],[88.864113,22.693651],[88.859535,22.697008],[88.849258,22.693176],[88.848694,22.708429],[88.809052,22.711668],[88.811592,22.741444],[88.809082,22.751137],[88.813965,22.740908],[88.825745,22.737633],[88.829185,22.737961],[88.834229,22.745453],[88.836479,22.737017],[88.839417,22.734941],[88.8423,22.736467],[88.84713,22.744049],[88.848228,22.75099],[88.832497,22.753889],[88.846809,22.750139],[88.839996,22.735643],[88.835152,22.746778],[88.826645,22.73872],[88.818993,22.750656],[88.810783,22.753679],[88.807022,22.750673],[88.808731,22.709692],[88.847237,22.706549],[88.847954,22.691109],[88.86158,22.693743],[88.857224,22.6775],[88.861244,22.66592],[88.865677,22.663111],[88.907814,22.67684],[88.932556,22.618744],[88.957779,22.617414],[88.936119,22.592253],[88.937607,22.569933],[88.896385,22.563334],[88.868889,22.545835],[88.865837,22.543062],[88.867058,22.52343],[88.842812,22.507874],[88.844604,22.500904],[88.858849,22.499151],[88.861992,22.491142],[88.86525,22.487516],[88.857491,22.483589],[88.856667,22.475],[88.851112,22.475],[88.852448,22.432833],[88.824532,22.436119],[88.829681,22.446753],[88.811562,22.481379],[88.793182,22.499222],[88.771667,22.51338],[88.782822,22.521151],[88.784164,22.525],[88.765686,22.534243],[88.766388,22.560835],[88.764442,22.527781],[88.782776,22.522778],[88.768379,22.513439],[88.75042,22.516966],[88.738983,22.514181],[88.734146,22.51092],[88.709259,22.529078],[88.690666,22.524412],[88.69133,22.53406],[88.682343,22.537443],[88.682266,22.543781],[88.673592,22.550022],[88.68087,22.577385],[88.678337,22.593611],[88.672569,22.566261],[88.672226,22.54944],[88.690193,22.522982],[88.707802,22.527695],[88.733574,22.509993],[88.778427,22.506084],[88.779533,22.493151],[88.802521,22.443422],[88.818481,22.430573],[88.848343,22.430565],[88.846107,22.388332],[88.861107,22.365023],[88.874748,22.358118],[88.876289,22.35531],[88.871391,22.358892],[88.849236,22.364542],[88.818886,22.363611],[88.80262,22.328983],[88.804428,22.28273],[88.792709,22.27619],[88.790543,22.259481],[88.786163,22.258871],[88.772087,22.25128],[88.743614,22.229166],[88.746391,22.203058],[88.739998,22.214722],[88.733612,22.195555],[88.701958,22.209442],[88.665627,22.217451],[88.63504,22.2164],[88.658066,22.239361],[88.684921,22.294275],[88.678886,22.323063],[88.690552,22.326666],[88.666122,22.339041],[88.679169,22.293892],[88.630913,22.22205],[88.639343,22.20812],[88.672462,22.201199],[88.619286,22.108841],[88.598892,22.129723],[88.60463,22.159775],[88.583076,22.16972],[88.58213,22.181223],[88.573776,22.188921],[88.577499,22.198469],[88.572746,22.1891],[88.583908,22.166758],[88.603371,22.159088],[88.597572,22.130621],[88.619965,22.104549],[88.627296,22.05481],[88.629539,22.050611],[88.636658,22.04529],[88.603401,22.02356],[88.606354,22.047722],[88.596733,22.063297],[88.601662,22.07361],[88.596581,22.067266],[88.59623,22.061041],[88.604919,22.048328],[88.599907,22.023596],[88.614441,22.01972],[88.598701,21.974701],[88.614937,21.936993],[88.601387,21.93528],[88.606667,21.913057],[88.578331,21.889444],[88.586388,21.928051],[88.572502,21.907223],[88.550278,21.921391],[88.551392,21.934723],[88.54361,21.970001],[88.556389,21.97279],[88.563332,21.960556],[88.56778,21.958891],[88.557671,21.97324],[88.546249,21.97349],[88.542633,21.970631],[88.540886,21.960213],[88.548668,21.922279],[88.570541,21.903608],[88.562393,21.89888],[88.545044,21.90604],[88.540558,21.90387],[88.539497,21.899351],[88.547928,21.881691],[88.528053,21.853056],[88.494263,21.879091],[88.521774,21.913742],[88.525536,21.929441],[88.521721,21.94268],[88.493698,21.967052],[88.519119,21.988243],[88.537025,21.978806],[88.54332,21.981995],[88.54998,21.996206],[88.556633,22.02318],[88.554619,22.035709],[88.54142,21.98171],[88.51757,21.988728],[88.49157,21.96689],[88.521828,21.939011],[88.52066,21.915396],[88.50222,21.914722],[88.483238,21.90996],[88.477272,21.904381],[88.473557,21.895342],[88.455612,21.899948],[88.462219,21.922461],[88.452896,21.939537],[88.468239,21.952831],[88.470207,21.9589],[88.463684,21.96352],[88.44593,21.96596],[88.460892,22.01158],[88.441628,21.99106],[88.445328,21.964155],[88.468925,21.95797],[88.451485,21.942026],[88.458481,21.91884],[88.419724,21.906551],[88.408669,21.88533],[88.384743,21.899153],[88.407776,21.919493],[88.398811,21.953093],[88.373886,21.965279],[88.39431,21.970661],[88.375816,21.969721],[88.37278,21.96666],[88.374443,21.962818],[88.398056,21.952221],[88.406364,21.919785],[88.382797,21.900681],[88.397499,21.885281],[88.385773,21.839403],[88.390671,21.798981],[88.364006,21.797831],[88.354881,21.8228],[88.370544,21.897799],[88.368462,21.905703],[88.359283,21.921625],[88.349983,21.927389],[88.369156,21.897251],[88.353577,21.857155],[88.345238,21.85696],[88.337029,21.86161],[88.325653,21.86215],[88.308937,21.8564],[88.309799,21.877684],[88.300591,21.861326],[88.261978,21.85869],[88.269737,21.885193],[88.254898,21.87134],[88.260597,21.857861],[88.313828,21.846607],[88.305603,21.830318],[88.277092,21.821915],[88.263397,21.813795],[88.258972,21.807621],[88.258362,21.80077],[88.263626,21.788],[88.281937,21.761101],[88.251663,21.801943],[88.282738,21.757582],[88.265686,21.73003],[88.273888,21.754625],[88.217224,21.764444],[88.16333,21.879444],[88.177208,21.926111],[88.153664,21.959173],[88.207779,22.022501],[88.223892,22.075275],[88.203056,22.166941],[88.165558,22.198891],[88.069725,22.211945],[88.105003,22.304699],[88.088707,22.303131],[88.049156,22.220001],[87.984863,22.245701],[87.958687,22.28467],[87.946388,22.406111],[87.923332,22.434999],[87.883766,22.441589],[87.929726,22.40361],[87.942223,22.366388],[87.94722,22.333059],[87.936386,22.316669],[87.940002,22.33],[87.930832,22.333334],[87.940002,22.260279],[87.981407,22.215851],[88.008614,22.201389],[88.034721,22.209444],[88.075279,22.18667],[88.135559,22.184723],[88.193336,22.112778],[88.187233,22.09639],[88.062233,22.01306],[87.991943,22.102501],[87.95945,22.099689],[88.008057,22.07361],[88.017769,22.040279],[88.052223,22.0075],[87.976112,21.85111],[87.928886,21.80028],[87.88916,21.792971],[87.892776,21.779991],[87.804443,21.702499],[87.751106,21.6989],[87.739723,21.678333],[87.677788,21.653891],[87.650002,21.648611],[87.643608,21.66],[87.46389,21.60639],[87.404999,21.55666],[87.386383,21.566563],[87.387779,21.547501],[87.200897,21.548491],[87.129723,21.51293],[87.106949,21.517735],[87.113892,21.508331],[87.089447,21.483889],[87.044167,21.475281],[87.064163,21.463888],[86.98111,21.410833],[86.910843,21.340281],[86.818611,21.178057],[86.843887,21.081667],[86.959442,20.863609],[86.964149,20.79417],[86.955566,20.784439],[86.939453,20.790279],[86.881386,20.797503],[86.827766,20.771669],[86.755699,20.613344],[86.773613,20.645281],[86.815872,20.6364],[86.820557,20.639584],[86.822983,20.646511],[86.814087,20.663658],[86.804733,20.66917],[86.796509,20.665571],[86.802238,20.675211],[86.828537,20.67227],[86.839302,20.653419],[86.844658,20.650763],[86.866882,20.664511],[86.902496,20.697781],[86.933937,20.710711],[87.0,20.69528],[87.045189,20.709484],[86.887238,20.606062],[86.886948,20.617781],[86.784447,20.53583],[86.744728,20.469721],[86.742226,20.468889],[86.738327,20.47806],[86.733887,20.479166],[86.729431,20.404881],[86.779716,20.39167],[86.764168,20.365829],[86.786079,20.376915],[86.78083,20.345835],[86.68,20.263332],[86.671112,20.282223],[86.679733,20.258051],[86.553612,20.210003],[86.50972,20.177221],[86.497498,20.190281],[86.474167,20.168892],[86.46833,20.147221],[86.459999,20.162222],[86.466042,20.14599],[86.473053,20.149164],[86.485001,20.17],[86.491112,20.15777],[86.462219,20.114719],[86.462776,20.10861],[86.47139,20.0975],[86.46389,20.114719],[86.487503,20.140558],[86.491112,20.133333],[86.487221,20.127218],[86.489166,20.121389],[86.503883,20.16444],[86.558891,20.20056],[86.520554,20.169167],[86.483887,20.110275],[86.436783,20.060968],[86.411766,20.05554],[86.427223,20.049723],[86.411667,20.03639],[86.407219,20.019718],[86.41111,20.0],[86.388893,19.977228],[86.382233,19.99556],[86.373848,19.979998],[86.342216,19.986391],[86.3274,20.03067],[86.290466,20.060982],[86.287224,20.049723],[86.269157,20.06278],[86.262497,20.061953],[86.247856,20.053188],[86.236656,20.026951],[86.264999,20.016947],[86.294945,20.02442],[86.321945,19.984444],[86.302666,19.983543],[86.341026,19.97238],[86.317497,19.949165],[86.342438,19.969503],[86.364227,19.95373],[86.247391,19.91123],[86.2416,19.92205],[86.227783,19.90361],[86.221107,19.91083],[86.22657,19.91855],[86.226326,19.920521],[86.222527,19.925621],[86.208046,19.90472],[86.227966,19.900881],[86.095146,19.859911],[85.910278,19.820555],[85.904999,19.832222],[85.908066,19.8179],[85.663612,19.739168],[85.419197,19.62307],[85.286392,19.548059],[85.121826,19.42923],[85.06472,19.364445],[84.918747,19.264585],[84.905693,19.269583],[84.912636,19.259581],[84.782372,19.113201],[84.745697,19.11764],[84.725418,19.096531],[84.75042,19.13653],[84.722641,19.13986],[84.702919,19.119862],[84.722641,19.089581],[84.750969,19.082081],[84.78347,19.110695],[84.746246,19.048471],[84.687637,18.972361],[84.664581,18.965694],[84.683212,18.967642],[84.669304,18.951529],[84.582642,18.876251],[84.553467,18.791809],[84.465698,18.712921],[84.440697,18.66403],[84.37764,18.60597],[84.354858,18.564306],[84.344307,18.561531],[84.340698,18.557083],[84.339027,18.550694],[84.355698,18.563194],[84.356247,18.556805],[84.125687,18.35153],[84.12458,18.309305],[83.71347,18.110695],[83.572639,18.018194],[83.529587,17.949306],[83.460419,17.904583],[83.459587,17.920141],[83.457359,17.920694],[83.454582,17.88764],[83.409859,17.843472],[83.410141,17.810421],[83.34903,17.750694],[83.344307,17.724861],[83.306526,17.68819],[83.282356,17.68931],[83.272636,17.711811],[83.263474,17.710972],[83.282356,17.687641],[83.298187,17.686531],[83.295418,17.675138],[83.235413,17.62903],[83.238197,17.611811],[83.21347,17.590973],[82.607635,17.296249],[82.367363,17.10598],[82.365143,17.11014],[82.368462,17.11347],[82.36792,17.118195],[82.297638,17.032921],[82.271797,16.940969],[82.249031,16.93042],[82.256248,16.886528],[82.302643,16.864311],[82.311806,16.840139],[82.325691,16.855421],[82.354309,16.851528],[82.359306,16.944311],[82.324303,16.98875],[82.357918,16.963753],[82.365692,16.902081],[82.342918,16.737917],[82.311806,16.733473],[82.293472,16.707916],[82.242638,16.708195],[82.258751,16.688751],[82.261528,16.668194],[82.254028,16.656811],[82.256531,16.642639],[82.278198,16.63625],[82.292358,16.608749],[82.265976,16.597639],[82.259865,16.586805],[82.292641,16.60264],[82.299576,16.59181],[82.267914,16.564028],[82.305969,16.574581],[82.30986,16.56764],[82.11264,16.488472],[81.94458,16.39514],[81.854042,16.37459],[81.720413,16.310141],[81.684029,16.33292],[81.54097,16.359032],[81.405418,16.343748],[81.382919,16.361811],[81.365135,16.359859],[81.345703,16.33069],[81.37986,16.359859],[81.392639,16.342083],[81.265419,16.281252],[81.230972,16.23514],[81.202362,16.145416],[81.18264,16.143473],[81.201813,16.142929],[81.189308,16.10347],[81.140976,16.018194],[81.145691,15.97375],[81.004303,15.84042],[80.99292,15.818472],[81.006248,15.757916],[80.942917,15.719581],[80.822083,15.712916],[80.797081,15.744311],[80.780693,15.78042],[80.782639,15.792084],[80.813469,15.739582],[80.793198,15.814582],[80.810974,15.815972],[80.80542,15.84264],[80.774017,15.866252],[80.686813,15.882641],[80.537361,15.854861],[80.430969,15.8057],[80.339584,15.747361],[80.270416,15.673196],[80.225136,15.532361],[80.200417,15.498194],[80.211807,15.495701],[80.200691,15.465416],[80.128197,15.377362],[80.098198,15.314305],[80.079865,15.315973],[80.099304,15.30986],[80.083473,15.267083],[80.08847,15.21931],[80.078194,15.189027],[80.045967,15.209309],[80.081253,15.185971],[80.04792,15.07735],[80.088753,14.811532],[80.080696,14.810142],[80.068192,14.819582],[80.06292,14.82125],[80.059303,14.81986],[80.081802,14.807641],[80.093201,14.810142],[80.114586,14.731249],[80.136803,14.710694],[80.129601,14.692071],[80.140137,14.703195],[80.13903,14.71042],[80.135139,14.71819],[80.135696,14.718751],[80.141808,14.708194],[80.172081,14.60958],[80.199028,14.587083],[80.172363,14.535141],[80.18264,14.530421],[80.169861,14.360694],[80.138748,14.272361],[80.122086,14.114584],[80.12986,14.12125],[80.149582,14.018751],[80.151527,14.03042],[80.159859,13.99069],[80.169586,13.963741],[80.155693,14.017641],[80.244858,13.819584],[80.236252,13.63986],[80.31514,13.433751],[80.287636,13.459312],[80.264313,13.56125],[80.189857,13.642638],[80.170975,13.689584],[80.144028,13.701527],[80.135971,13.71875],[80.147087,13.724311],[80.12986,13.723751],[80.147636,13.659584],[80.138474,13.612916],[80.108749,13.64208],[80.125969,13.670421],[80.106796,13.674031],[80.111526,13.69264],[80.106796,13.70931],[80.100418,13.702083],[80.10347,13.65431],[80.088753,13.654032],[80.095703,13.66875],[80.079308,13.655971],[80.094856,13.647361],[80.072639,13.637084],[80.076248,13.610692],[80.050957,13.588192],[80.115417,13.507641],[80.128471,13.517083],[80.16153,13.489583],[80.236526,13.487922],[80.262093,13.47292],[80.280975,13.438195],[80.275406,13.43792],[80.268471,13.417362],[80.277641,13.435695],[80.302361,13.41596],[80.316254,13.428473],[80.329865,13.387084],[80.324303,13.370694],[80.329033,13.36653],[80.330696,13.39292],[80.319313,13.42375],[80.326248,13.429861],[80.325142,13.43792],[80.324577,13.43903],[80.325691,13.44375],[80.346527,13.291528],[80.333473,13.238751],[80.317085,13.23125],[80.316246,13.244309],[80.313751,13.246531],[80.306252,13.215141],[80.333748,13.23514],[80.299026,13.139321],[80.303192,13.089581],[80.266808,13.013194],[80.277084,13.010971],[80.247917,12.805152],[80.232643,12.846251],[80.231804,12.784861],[80.248192,12.80264],[80.254028,12.779031],[80.185417,12.577639],[80.170692,12.58514],[80.181526,12.609862],[80.164856,12.603749],[80.161247,12.585411],[80.184586,12.574583],[80.155983,12.46681],[80.050697,12.32597],[80.064026,12.34986],[80.058197,12.367362],[80.017082,12.34042],[80.013748,12.322641],[80.063187,12.351251],[80.009308,12.256527],[80.011528,12.272641],[79.94458,12.220141],[79.956528,12.211806],[80.00708,12.254583],[79.883186,12.061531],[79.830971,11.907081],[79.827637,11.907362],[79.827637,11.914322],[79.824303,11.91653],[79.818466,11.906252],[79.832077,11.90542],[79.823753,11.88181],[79.800972,11.883752],[79.790695,11.878749],[79.819862,11.869305],[79.799576,11.840141],[79.75708,11.56375],[79.827362,11.362922],[79.809593,11.383751],[79.810692,11.370971],[79.838196,11.35486],[79.846542,11.24403],[79.804581,11.236252],[79.840141,11.229031],[79.847641,11.242921],[79.855698,11.182084],[79.852638,10.830969],[79.823753,10.817641],[79.851524,10.825973],[79.865967,10.416251],[79.882919,10.30236],[79.835693,10.275416],[79.74292,10.275138],[79.755692,10.275416],[79.750969,10.290139],[79.784859,10.280695],[79.75708,10.312083],[79.769859,10.303194],[79.775696,10.301533],[79.778473,10.302362],[79.761253,10.313195],[79.730141,10.310971],[79.710419,10.325151],[79.636528,10.318191],[79.62986,10.363195],[79.61042,10.341529],[79.622093,10.334031],[79.613472,10.317361],[79.551247,10.312359],[79.55542,10.308473],[79.662361,10.289041],[79.67347,10.301533],[79.681808,10.290139],[79.739029,10.27736],[79.526527,10.305416],[79.55986,10.332641],[79.588753,10.332638],[79.545143,10.34792],[79.543472,10.32431],[79.525696,10.318471],[79.50708,10.32514],[79.528473,10.324579],[79.51236,10.337639],[79.495415,10.318749],[79.486526,10.335695],[79.455971,10.342083],[79.486526,10.32625],[79.457085,10.320418],[79.517639,10.316249],[79.510139,10.308473],[79.382919,10.315973],[79.369583,10.29485],[79.358475,10.302082],[79.365967,10.292081],[79.347641,10.295972],[79.287086,10.253751],[79.267639,10.231249],[79.28125,10.213749],[79.242363,10.18292],[79.229027,10.144311],[79.22847,10.092082],[79.267365,10.037916],[79.155136,9.932361],[79.119858,9.877641],[79.121803,9.85458],[78.981529,9.690421],[78.929306,9.59403],[78.914864,9.494028],[78.898178,9.489032],[78.939308,9.406252],[79.034302,9.318471],[79.103195,9.289583],[79.190697,9.281809],[79.09375,9.259861],[78.955139,9.272362],[78.906525,9.249584],[78.834862,9.245142],[78.830139,9.254306],[78.834587,9.264305],[78.834587,9.267083],[78.832642,9.268761],[78.828751,9.25486],[78.832359,9.243196],[78.727638,9.208751],[78.718475,9.19014],[78.657913,9.192362],[78.642357,9.17375],[78.657356,9.157641],[78.578186,9.131251],[78.484016,9.127919],[78.489021,9.13292],[78.490692,9.144862],[78.488747,9.150138],[78.481796,9.127361],[78.410698,9.11181],[78.370972,9.080971],[78.365417,9.092082],[78.365967,9.076251],[78.272636,9.005418],[78.268196,9.016251],[78.260971,9.018751],[78.267082,9.003196],[78.20903,8.959311],[78.168747,8.882082],[78.157364,8.771528],[78.18708,8.776531],[78.190971,8.765418],[78.198471,8.789032],[78.199028,8.764306],[78.223473,8.755971],[78.230133,8.748751],[78.197639,8.763194],[78.223473,8.745972],[78.170692,8.745141],[78.12764,8.65042],[78.122643,8.66236],[78.104858,8.65153],[78.096527,8.58125],[78.114861,8.57986],[78.135971,8.592081],[78.129303,8.602362],[78.112915,8.585695],[78.101807,8.592361],[78.11042,8.61236],[78.111809,8.60014],[78.12236,8.598191],[78.127357,8.638472],[78.138748,8.588751],[78.12236,8.52181],[78.130417,8.497079],[78.065407,8.420421],[78.049591,8.38042],[78.067085,8.370695],[77.982361,8.34125],[77.88903,8.273195],[77.804031,8.248196],[77.781509,8.200689],[77.746246,8.177082],[77.575691,8.135695],[77.550972,8.076526],[77.315971,8.120972],[77.296524,8.149582],[77.239304,8.176528],[76.984863,8.376251],[76.631805,8.836251],[76.546249,8.90236],[76.518753,9.018473],[76.463478,9.134029],[76.483749,9.126805],[76.490417,9.17014],[76.470703,9.14236],[76.422638,9.245693],[76.467918,9.14292],[76.46125,9.139584],[76.337914,9.415972],[76.238472,9.96681],[76.253197,9.969583],[76.265419,9.93458],[76.295418,9.91792],[76.296524,9.892916],[76.292084,9.908473],[76.272636,9.89986],[76.266525,9.912361],[76.265419,9.896806],[76.257362,9.9157],[76.269577,9.866252],[76.275696,9.89403],[76.287636,9.898472],[76.297081,9.852917],[76.28347,9.850421],[76.284584,9.832639],[76.302917,9.84736],[76.295692,9.889862],[76.319313,9.876251],[76.316803,9.84486],[76.321808,9.807642],[76.347641,9.711806],[76.320686,9.87125],[76.337364,9.864862],[76.34903,9.827921],[76.370697,9.820143],[76.359581,9.798751],[76.372086,9.738472],[76.360695,9.700417],[76.39875,9.674305],[76.367081,9.610973],[76.357086,9.525416],[76.383194,9.506527],[76.383194,9.525972],[76.434029,9.52736],[76.442352,9.511251],[76.442917,9.527641],[76.479027,9.528751],[76.480423,9.511251],[76.480698,9.529029],[76.502083,9.530973],[76.466522,9.542359],[76.466522,9.559312],[76.46347,9.543472],[76.417923,9.559581],[76.430138,9.611251],[76.421249,9.65042],[76.402641,9.647359],[76.404587,9.664583],[76.419029,9.658194],[76.40403,9.666531],[76.414581,9.694309],[76.382919,9.70264],[76.390976,9.742085],[76.36792,9.79014],[76.390419,9.816806],[76.381248,9.826812],[76.384026,9.827083],[76.394302,9.817916],[76.395142,9.818194],[76.384583,9.844311],[76.371529,9.84236],[76.378746,9.86042],[76.354027,9.910695],[76.340141,9.919584],[76.324028,9.91542],[76.343193,9.885141],[76.329308,9.902921],[76.335419,9.884027],[76.318748,9.888761],[76.321526,9.892362],[76.317085,9.894306],[76.318192,9.902085],[76.313187,9.908751],[76.314308,9.913195],[76.304031,9.934305],[76.311531,9.948472],[76.30014,9.936809],[76.304581,9.929031],[76.303474,9.925694],[76.269859,9.989305],[76.276527,9.998752],[76.267365,10.032084],[76.260139,10.034311],[76.257362,10.023193],[76.268196,9.982641],[76.24958,10.029862],[76.266251,10.03736],[76.254028,10.03932],[76.240417,10.070973],[76.25708,10.045971],[76.26458,10.07931],[76.25264,10.08375],[76.252083,10.093195],[76.236809,10.114033],[76.230415,10.114028],[76.231247,10.121531],[76.227356,10.122641],[76.22847,10.124861],[76.225693,10.127083],[76.229027,10.11375],[76.235138,10.110972],[76.230972,10.109584],[76.242638,10.076252],[76.239304,10.075139],[76.205696,10.147082],[76.210419,10.09125],[76.230141,10.059862],[76.219582,10.068473],[76.238747,10.03042],[76.230415,10.016805],[76.237083,10.015973],[76.237358,9.996805],[76.239586,9.995142],[76.242081,9.978194],[76.245415,9.972362],[76.22403,9.977079],[76.16597,10.174861],[76.175972,10.183193],[76.17765,10.174031],[76.185417,10.16514],[76.193192,10.162362],[76.194031,10.155693],[76.202637,10.139028],[76.204033,10.151812],[76.177086,10.182639],[76.191528,10.194311],[76.159859,10.188472],[76.099304,10.380694],[76.034027,10.525695],[76.052635,10.532083],[76.052361,10.543472],[76.063469,10.535693],[76.067642,10.544584],[76.049583,10.546806],[76.047363,10.56792],[76.042915,10.574582],[76.041527,10.575421],[76.048187,10.535142],[76.031807,10.537084],[76.030975,10.526527],[76.040138,10.51125],[76.036247,10.51014],[75.910141,10.79236],[75.857635,11.018471],[75.862915,11.005416],[75.866531,11.005416],[75.867653,11.009311],[75.825142,11.122917],[75.835693,11.12653],[75.847923,11.142641],[75.861252,11.129584],[75.858475,11.138472],[75.845139,11.14376],[75.82486,11.125417],[75.801804,11.158194],[75.806526,11.16264],[75.810692,11.157084],[75.815971,11.15986],[75.82235,11.155972],[75.828751,11.158194],[75.812363,11.162362],[75.829025,11.180696],[75.802086,11.162638],[75.735695,11.353194],[75.68264,11.448195],[75.617363,11.477083],[75.594582,11.570972],[75.542358,11.681811],[75.472076,11.76376],[75.493469,11.75625],[75.507637,11.761248],[75.474861,11.766529],[75.500137,11.798195],[75.474304,11.803472],[75.474861,11.799581],[75.484306,11.796251],[75.486809,11.791805],[75.459862,11.765417],[75.453476,11.771252],[75.460419,11.77681],[75.46347,11.785141],[75.46347,11.79903],[75.460136,11.80736],[75.454025,11.778472],[75.405136,11.838194],[75.355415,11.859584],[75.318192,11.905417],[75.303192,11.947085],[75.356529,11.928471],[75.372086,11.939584],[75.385139,11.91653],[75.400139,11.917071],[75.378754,11.930139],[75.373749,11.957361],[75.357086,11.931251],[75.316803,11.946807],[75.317917,11.951251],[75.309593,11.96986],[75.304306,11.97125],[75.315414,11.951805],[75.307907,11.952361],[75.27903,12.002085],[75.265419,12.007081],[75.268196,12.023472],[75.298737,12.00347],[75.333191,12.010141],[75.299309,12.01681],[75.316246,12.04625],[75.328186,12.035971],[75.339302,12.048194],[75.329025,12.037917],[75.315697,12.04764],[75.311249,12.04403],[75.310692,12.036805],[75.307083,12.034309],[75.31208,12.047916],[75.308472,12.049311],[75.301529,12.0246],[75.291809,12.031527],[75.295967,12.017642],[75.285973,12.02986],[75.270973,12.029582],[75.263748,12.017084],[75.263474,12.002917],[75.302086,11.94847],[75.231796,12.02403],[75.20153,12.005417],[75.178749,12.080694],[75.189308,12.089583],[75.195137,12.070142],[75.20153,12.07042],[75.207642,12.073472],[75.214287,12.06681],[75.220421,12.06931],[75.206802,12.074584],[75.195686,12.07153],[75.189026,12.091251],[75.172638,12.085702],[75.177086,12.09903],[75.180138,12.094871],[75.185966,12.093471],[75.191246,12.097081],[75.192917,12.10068],[75.197357,12.117361],[75.192093,12.132643],[75.181808,12.09514],[75.129028,12.212082],[75.117638,12.20625],[75.056808,12.362361],[75.062637,12.340972],[74.973473,12.498749],[74.820969,12.852362],[74.806808,12.919307],[74.820969,12.929312],[74.802361,12.93125],[74.774582,13.077638],[74.780418,13.061527],[74.784241,13.059032],[74.789581,13.09875],[74.773483,13.08319],[74.720695,13.284028],[74.714027,13.321531],[74.690407,13.34847],[74.713196,13.330693],[74.721802,13.28403],[74.725136,13.278196],[74.729027,13.277081],[74.735977,13.289591],[74.723747,13.290138],[74.71125,13.341811],[74.695137,13.347641],[74.670692,13.63375],[74.644585,13.684862],[74.606796,13.866529],[74.614586,13.85125],[74.626526,13.847916],[74.633186,13.84903],[74.615417,13.85208],[74.570137,13.946529],[74.531517,13.96486],[74.501526,14.022641],[74.517914,14.027083],[74.504028,14.041811],[74.500969,14.027081],[74.480423,14.093201],[74.47097,14.183473],[74.441803,14.22375],[74.396248,14.409584],[74.35376,14.502921],[74.379593,14.524582],[74.373192,14.537083],[74.384308,14.52375],[74.393471,14.529311],[74.383186,14.551811],[74.364586,14.553762],[74.37764,14.572362],[74.356529,14.562641],[74.354309,14.542915],[74.335419,14.564861],[74.355972,14.522079],[74.309593,14.520691],[74.294586,14.60153],[74.269577,14.62681],[74.284027,14.630972],[74.281807,14.67792],[74.24958,14.739584],[74.207077,14.73764],[74.204865,14.717916],[74.163475,14.753195],[74.166809,14.76653],[74.153198,14.74597],[74.142921,14.777921],[74.119041,14.774861],[74.095413,14.798751],[74.123466,14.804861],[74.130981,14.84625],[74.11264,14.84597],[74.09597,14.89764],[74.042923,14.918471],[74.053474,14.958194],[74.034309,14.98375],[74.05014,14.988195],[73.989029,15.020141],[73.966805,15.065972],[73.911804,15.084028],[73.948471,15.145972],[73.894859,15.331811],[73.873466,15.370141],[73.840973,15.360416],[73.782639,15.410416],[73.876808,15.396805],[73.896797,15.41486],[73.884323,15.432651],[73.861526,15.428473],[73.84903,15.452083],[73.78791,15.46125],[73.804581,15.465138],[73.80542,15.49486],[73.76458,15.49458],[73.731247,15.590417],[73.730972,15.608195],[73.75486,15.617361],[73.732918,15.616812],[73.69014,15.718482],[73.648483,15.74569],[73.674576,15.753191],[73.654297,15.787631],[73.662086,15.805142],[73.652641,15.794031],[73.636253,15.815694],[73.590416,15.912361],[73.509857,15.937361],[73.483192,16.035973],[73.454865,16.05514],[73.467636,16.071251],[73.435692,16.19903],[73.449028,16.207916],[73.447365,16.224583],[73.429863,16.199032],[73.410973,16.27347],[73.414864,16.283194],[73.433472,16.283751],[73.435699,16.28653],[73.416809,16.292358],[73.410423,16.27792],[73.385406,16.336531],[73.389305,16.362083],[73.394302,16.35486],[73.410416,16.358194],[73.411247,16.362083],[73.36792,16.36347],[73.370972,16.389591],[73.373749,16.376251],[73.405418,16.404861],[73.365417,16.397638],[73.364861,16.439583],[73.310143,16.53792],[73.333473,16.562363],[73.364029,16.515972],[73.36348,16.51181],[73.350136,16.507084],[73.34903,16.504301],[73.390137,16.509863],[73.357918,16.526251],[73.354309,16.539305],[73.372917,16.539862],[73.345703,16.556528],[73.373466,16.55014],[73.394028,16.553751],[73.356247,16.555416],[73.362358,16.568472],[73.342636,16.56625],[73.316803,16.600969],[73.352638,16.596531],[73.340698,16.605421],[73.351807,16.625139],[73.330696,16.62014],[73.339859,16.638201],[73.321808,16.642363],[73.339584,16.685696],[73.318176,16.696529],[73.30542,16.729305],[73.30764,16.78014],[73.333191,16.81653],[73.295418,16.816792],[73.285698,16.880701],[73.313469,16.88903],[73.277084,16.892084],[73.294304,16.985971],[73.270973,16.986528],[73.283752,17.012083],[73.254303,17.027361],[73.265976,17.04764],[73.289307,17.006821],[73.284309,17.040138],[73.313751,17.033195],[73.319862,17.038195],[73.290138,17.04764],[73.278473,17.040419],[73.298195,17.078472],[73.283203,17.07958],[73.28347,17.113195],[73.265976,17.112917],[73.252907,17.18903],[73.231247,17.198195],[73.247093,17.210421],[73.223473,17.266529],[73.204582,17.26848],[73.189308,17.29792],[73.222092,17.302919],[73.227638,17.28153],[73.244026,17.307362],[73.21875,17.329308],[73.207077,17.38431],[73.176529,17.38736],[73.167084,17.405138],[73.205696,17.43903],[73.185974,17.441805],[73.184029,17.505699],[73.137085,17.555973],[73.168472,17.582361],[73.127083,17.637081],[73.135696,17.644583],[73.114029,17.694309],[73.135139,17.716249],[73.112083,17.789583],[73.08847,17.808201],[73.087357,17.838751],[73.09375,17.841808],[73.114861,17.833469],[73.124863,17.835972],[73.129303,17.833195],[73.132362,17.82543],[73.133194,17.824583],[73.134033,17.82514],[73.131248,17.832361],[73.125137,17.836811],[73.090416,17.843752],[73.075974,17.896805],[73.063469,17.890694],[73.05014,17.906807],[73.052086,17.929029],[73.072357,17.927361],[73.092361,17.940695],[73.070419,17.929029],[73.029602,17.944311],[73.038193,17.98431],[73.002083,18.02125],[73.023468,18.02375],[73.045418,18.041531],[73.029587,18.032084],[73.02153,18.039305],[73.039581,18.04875],[73.040413,18.053194],[73.025139,18.050421],[73.015694,18.032084],[72.989861,18.05514],[73.002907,18.075701],[72.97097,18.13208],[72.990417,18.157915],[72.98764,18.195141],[72.930969,18.220417],[72.935417,18.28153],[72.964577,18.28014],[72.981529,18.242081],[73.017906,18.245703],[73.069305,18.222082],[73.055695,18.187084],[73.087082,18.150417],[73.09153,18.167921],[73.059586,18.190695],[73.075691,18.19986],[73.080399,18.231253],[73.042923,18.29903],[73.08625,18.287916],[73.087906,18.326811],[73.08403,18.329309],[73.068192,18.304861],[73.040138,18.301531],[73.054581,18.27042],[73.027916,18.264305],[73.01236,18.283749],[72.99292,18.273472],[72.950142,18.337084],[72.917358,18.348471],[72.911247,18.36681],[72.926247,18.38653],[72.906525,18.402637],[72.894859,18.463751],[72.911247,18.503193],[72.904587,18.539305],[72.917358,18.52903],[72.928467,18.541811],[72.884026,18.638472],[72.898483,18.62958],[72.901802,18.632643],[72.88736,18.641251],[72.870407,18.63958],[72.855141,18.69681],[72.869308,18.804583],[72.916252,18.79236],[72.940697,18.827921],[72.970413,18.78986],[72.982643,18.80958],[72.988747,18.865973],[72.926529,18.850971],[72.907913,18.902084],[72.927361,18.911531],[72.941803,18.895416],[72.94236,18.909307],[72.957642,18.908472],[72.939316,18.945971],[72.955696,18.97403],[72.979309,18.962639],[73.012642,18.977638],[73.031517,18.993191],[73.032349,18.99931],[73.029861,19.00209],[73.002907,19.00153],[72.99292,19.059032],[72.963196,19.058472],[72.955414,19.027639],[72.909302,18.991249],[72.885139,19.009029],[72.862076,19.002918],[72.844864,18.924862],[72.80764,18.89097],[72.823471,18.94153],[72.808197,18.954861],[72.793198,18.938749],[72.791817,18.950701],[72.814026,18.98181],[72.814583,19.027082],[72.82653,19.018471],[72.838196,19.039282],[72.834862,19.049864],[72.815971,19.04236],[72.826813,19.09403],[72.803467,19.141533],[72.829582,19.16597],[72.829865,19.182364],[72.79792,19.155972],[72.793472,19.12986],[72.780136,19.16625],[72.794586,19.172081],[72.796806,19.19903],[72.839584,19.250692],[72.839577,19.267361],[72.782364,19.193195],[72.778198,19.279039],[72.799026,19.331251],[72.757637,19.375973],[72.765976,19.393194],[72.744583,19.462921],[72.780136,19.491253],[72.786247,19.525972],[72.764862,19.504305],[72.718193,19.53875],[72.712639,19.59597],[72.737923,19.597919],[72.693748,19.729313],[72.708748,19.72625],[72.719307,19.75514],[72.706802,19.732361],[72.693466,19.735691],[72.695686,19.804861],[72.68708,19.79431],[72.650696,19.839581],[72.651802,19.858473],[72.670135,19.851805],[72.681252,19.865139],[72.664307,19.93292],[72.69014,19.958195],[72.719856,19.968752],[72.734306,19.942638],[72.754028,19.93903],[72.75486,19.927361],[72.755417,19.93903],[72.753746,19.94264],[72.716248,19.972361],[72.707642,20.070141],[72.738197,20.114584],[72.740417,20.24292],[72.775696,20.333471],[72.822639,20.367638],[72.832642,20.445972],[72.88485,20.499861],[72.897636,20.587084],[72.850983,20.741528],[72.87014,20.732632],[72.889862,20.739031],[72.88958,20.748196],[72.866806,20.74819],[72.834587,20.781805],[72.850693,20.79903],[72.825691,20.81431],[72.791817,20.89653],[72.793747,20.945143],[72.772087,20.936251],[72.771248,20.916241],[72.724304,21.034027],[72.726524,21.053474],[72.760696,21.051805],[72.770416,21.066805],[72.704308,21.07486],[72.700142,21.100973],[72.720695,21.143194],[72.681252,21.15847],[72.667076,21.155418],[72.661797,21.14764],[72.652641,21.078192],[72.627083,21.07597],[72.618469,21.222639],[72.646805,21.217361],[72.652359,21.220139],[72.653198,21.226805],[72.609581,21.22986],[72.597084,21.250139],[72.604858,21.277361],[72.587357,21.275688],[72.598473,21.27986],[72.595695,21.315971],[72.637917,21.37347],[72.643471,21.358471],[72.649307,21.367361],[72.63958,21.375975],[72.623192,21.365139],[72.62542,21.381531],[72.696808,21.464581],[72.645142,21.43375],[72.674026,21.52042],[72.736809,21.538197],[72.741806,21.543472],[72.742363,21.55014],[72.705971,21.532084],[72.683197,21.542919],[72.625687,21.492359],[72.620697,21.530418],[72.597359,21.552361],[72.609306,21.55208],[72.605698,21.578751],[72.629303,21.617651],[72.700966,21.651812],[72.723198,21.63875],[72.787361,21.64514],[72.835136,21.667921],[72.779861,21.663195],[72.736252,21.689583],[72.600418,21.681532],[72.547363,21.65847],[72.508186,21.689857],[72.522362,21.692362],[72.507362,21.70125],[72.540413,21.735691],[72.569862,21.824308],[72.517082,21.858473],[72.50486,21.980972],[72.547638,22.150694],[72.59153,22.20792],[72.647362,22.217085],[72.700142,22.184305],[72.754028,22.173195],[72.808746,22.245972],[72.877907,22.223751],[72.910423,22.243193],[72.91597,22.278194],[72.889305,22.244028],[72.865143,22.243462],[72.84375,22.282364],[72.752083,22.23097],[72.68792,22.238468],[72.635414,22.284582],[72.541252,22.243195],[72.537361,22.27375],[72.553749,22.278191],[72.542641,22.280972],[72.52597,22.26931],[72.524033,22.24486],[72.48597,22.197359],[72.473747,22.20125],[72.492638,22.237083],[72.489029,22.235416],[72.479858,22.234304],[72.477638,22.23514],[72.492363,22.23875],[72.49292,22.248194],[72.470695,22.23875],[72.435143,22.30125],[72.388748,22.310417],[72.412361,22.358473],[72.393753,22.382641],[72.362358,22.376251],[72.40403,22.353201],[72.37236,22.316526],[72.383186,22.29986],[72.414024,22.297085],[72.416527,22.227362],[72.399582,22.199306],[72.392639,22.213194],[72.377357,22.226252],[72.37986,22.25736],[72.356247,22.27125],[72.370972,22.24514],[72.360138,22.22514],[72.362076,22.205141],[72.391525,22.167915],[72.375969,22.14986],[72.359016,22.172642],[72.363747,22.18903],[72.357643,22.192921],[72.343491,22.124861],[72.316246,22.14653],[72.317642,22.180695],[72.294304,22.202362],[72.312637,22.180695],[72.310417,22.144581],[72.323753,22.130136],[72.270981,21.96764],[72.278473,21.932079],[72.263191,21.946529],[72.260696,22.01931],[72.241531,22.049583],[72.28653,22.074305],[72.29792,22.063471],[72.30014,22.108749],[72.277359,22.090694],[72.276802,22.098194],[72.265419,22.105419],[72.278191,22.08042],[72.233192,22.053753],[72.232635,22.017639],[72.185966,22.019581],[72.182083,22.035141],[72.172363,22.041531],[72.179863,22.019028],[72.200417,22.004305],[72.230972,22.007641],[72.22097,21.956251],[72.190697,21.94236],[72.14653,21.983473],[72.160973,21.961811],[72.147087,21.954861],[72.19014,21.93708],[72.220139,21.94792],[72.253197,21.897362],[72.26458,21.740417],[72.247086,21.790972],[72.203194,21.824862],[72.197083,21.82736],[72.189308,21.828199],[72.185417,21.82736],[72.182915,21.82375],[72.205139,21.822361],[72.241249,21.787361],[72.305969,21.628469],[72.269028,21.57375],[72.223198,21.438749],[72.121529,21.32542],[72.109016,21.282921],[72.075974,21.302084],[72.097359,21.277082],[72.082077,21.245701],[72.112358,21.222639],[72.113747,21.196527],[72.018188,21.154308],[72.007637,21.132643],[71.996803,21.147364],[72.02375,21.179861],[72.010696,21.18597],[71.976807,21.12097],[71.899307,21.10931],[71.819862,21.072083],[71.796806,21.05792],[71.806808,21.037916],[71.715141,21.020418],[71.56514,20.949583],[71.514862,20.948195],[71.515976,20.922359],[71.438187,20.86875],[71.377907,20.874029],[71.384583,20.857084],[71.20903,20.802086],[71.155693,20.778473],[71.154861,20.759306],[71.085976,20.756248],[71.073753,20.735416],[71.010971,20.739861],[70.986809,20.72208],[70.998749,20.742922],[70.961533,20.741249],[70.962364,20.721806],[70.997643,20.715694],[70.977081,20.70153],[70.880692,20.709583]],[[75.33962948641175,32.34237919104686],[75.331779,32.3447],[75.34238626671865,32.34080575408285],[75.33962948641175,32.34237919104686]],[[75.378532,32.3288],[75.397453,32.326252],[75.414993,32.324272],[75.378532,32.3288]],[[75.466606,32.338852],[75.45179,32.33176],[75.456352,32.333519],[75.466606,32.338852]],[[75.479927,32.310349],[75.467758,32.317562],[75.47142,32.314651],[75.479927,32.310349]],[[75.492126,32.302799],[75.490227,32.310211],[75.491119,32.306721],[75.492126,32.302799]],[[75.501236,32.276051],[75.504501,32.27953],[75.515823,32.297989],[75.501236,32.276051]],[[75.648071,32.388809],[75.592636,32.381699],[75.636978,32.387379],[75.648071,32.388809]],[[75.72064088103116,32.43164165093823],[75.71968884017967,32.43023231824759],[75.719749,32.430321],[75.72064088103116,32.43164165093823]],[[75.825043,32.50922],[75.81770800768236,32.50137029002383],[75.823578,32.507641],[75.825043,32.50922]],[[75.828926,32.51997],[75.830551,32.524509],[75.825043,32.50922],[75.828926,32.51997]],[[75.872543,32.576191],[75.886292,32.591919],[75.837837,32.537609],[75.871773,32.575291],[75.872543,32.576191]],[[75.905403,32.672249],[75.924057,32.658222],[75.914757,32.665932],[75.905403,32.672249]],[[75.837387,32.836769],[75.873787,32.81369],[75.85524,32.826141],[75.837387,32.836769]],[[75.794647,32.87019],[75.805511,32.85614],[75.795372,32.869259],[75.794647,32.87019]],[[75.789879,32.893982],[75.793808,32.897312],[75.800003,32.903919],[75.789879,32.893982]],[[75.94577,32.885139],[75.933777,32.884312],[75.939552,32.88422],[75.94577,32.885139]],[[76.017189,32.917641],[76.004631,32.914009],[76.013512,32.915939],[76.017189,32.917641]],[[76.021172,32.924431],[76.023651,32.93158],[76.017189,32.917641],[76.021172,32.924431]],[[76.082207,32.9688],[76.07,32.962219],[76.078346,32.966072],[76.082207,32.9688]],[[76.271233,33.096359],[76.255241,33.05228],[76.267517,33.086109],[76.271233,33.096359]],[[76.469063,33.179909],[76.455551,33.183319],[76.466141,33.179882],[76.469063,33.179909]],[[76.584038,33.193069],[76.586189,33.20422],[76.584702,33.199562],[76.584038,33.193069]],[[76.659447,33.171112],[76.651108,33.171829],[76.658737,33.171169],[76.659447,33.171112]],[[76.660553,33.171349],[76.669479,33.173321],[76.659447,33.171112],[76.660553,33.171349]],[[76.75431555316582,33.21676137863395],[76.745583,33.20435],[76.750557,33.210129],[76.75431555316582,33.21676137863395]],[[76.828346,33.246399],[76.82443760580277,33.24758721511008],[76.827171,33.24675],[76.828346,33.246399]],[[76.817856,33.23114],[76.828873,33.24255],[76.823196,33.237381],[76.817856,33.23114]],[[76.917511,33.03368],[76.9138460281933,33.042020674513665],[76.914612,33.038822],[76.917511,33.03368]],[[76.99147,32.992859],[76.980827,33.001461],[76.986938,32.995922],[76.99147,32.992859]],[[77.120071,32.982712],[77.103157,32.987202],[77.112381,32.984131],[77.120071,32.982712]],[[77.362671,32.8466],[77.3610808024225,32.841125305256995],[77.361847,32.842609],[77.362671,32.8466]],[[77.410133,32.87822],[77.399178,32.88393],[77.403122,32.881451],[77.410133,32.87822]],[[77.58112060072075,32.93582138302505],[77.579666,32.931679],[77.580963,32.934502],[77.58112060072075,32.93582138302505]],[[77.653313,32.9594],[77.64756161639154,32.958134206523106],[77.649879,32.95829],[77.653313,32.9594]],[[77.699883,32.96904],[77.695007,32.977821],[77.696709,32.973351],[77.699883,32.96904]],[[77.759567,32.92741],[77.747627,32.939419],[77.750992,32.936031],[77.759567,32.92741]],[[77.880898,32.77541],[77.872246,32.786251],[77.876297,32.78001],[77.880898,32.77541]],[[77.914322,32.741779],[77.9159807615312,32.748738076847864],[77.914406,32.744541],[77.914322,32.741779]],[[77.938911,32.648022],[77.927162,32.662621],[77.932297,32.6562],[77.938911,32.648022]],[[78.344742,32.763432],[78.287659,32.737831],[78.31395,32.748981],[78.344742,32.763432]],[[78.296623,32.577511],[78.317993,32.580212],[78.302368,32.578701],[78.296623,32.577511]],[[78.401413,32.518181],[78.405228,32.514229],[78.40763789504032,32.51323814933066],[78.401413,32.518181]]]}},{"type":"Feature","properties":{},"geometry":{"type":"Polygon","coordinates":[[[69.629593,22.45792],[69.657082,22.428194],[69.636528,22.40653],[69.588196,22.43708],[69.629593,22.45792]]]}},{"type":"Feature","properties":{},"geometry":{"type":"Polygon","coordinates":[[[69.142365,22.477362],[69.146248,22.462641],[69.11097,22.464031],[69.108467,22.437361],[69.083763,22.422081],[69.093483,22.461531],[69.142365,22.477362]]]}},{"type":"Feature","properties":{},"geometry":{"type":"Polygon","coordinates":[[[69.326813,22.526251],[69.35125,22.526541],[69.363747,22.512362],[69.335136,22.507359],[69.315697,22.519859],[69.326813,22.526251]]]}},{"type":"Feature","properties":{},"geometry":{"type":"Polygon","coordinates":[[[69.92041,22.551811],[69.941528,22.517916],[69.89653,22.511806],[69.862358,22.527081],[69.895142,22.522921],[69.900406,22.546247],[69.92041,22.551811]]]}},{"type":"Feature","properties":{},"geometry":{"type":"Polygon","coordinates":[[[70.012077,22.59181],[70.024025,22.565416],[69.957916,22.54958],[69.965141,22.577921],[70.012077,22.59181]]]}},{"type":"Feature","properties":{},"geometry":{"type":"Polygon","coordinates":[[[70.448471,23.050228],[70.434303,23.013748],[70.41375,22.989849],[70.414581,23.01931],[70.448471,23.050228]]]}},{"type":"Feature","properties":{},"geometry":{"type":"Polygon","coordinates":[[[72.680428,21.154308],[72.710419,21.140694],[72.696808,21.11875],[72.689026,21.089861],[72.664864,21.144028],[72.680428,21.154308]]]}},{"type":"Feature","properties":{},"geometry":{"type":"Polygon","coordinates":[[[79.315697,9.327084],[79.335136,9.311531],[79.314583,9.28236],[79.325974,9.261805],[79.439857,9.158195],[79.298759,9.24681],[79.214584,9.254028],[79.221252,9.267083],[79.204308,9.277362],[79.220413,9.292083],[79.267639,9.293195],[79.315697,9.327084]]]}},{"type":"Feature","properties":{},"geometry":{"type":"Polygon","coordinates":[[[76.434029,9.528473],[76.40625,9.527638],[76.405418,9.542084],[76.434586,9.551528],[76.434029,9.528473]]]}},{"type":"Feature","properties":{},"geometry":{"type":"Polygon","coordinates":[[[76.350418,9.87042],[76.366249,9.855421],[76.371803,9.830973],[76.34903,9.838472],[76.350418,9.87042]]]}},{"type":"Feature","properties":{},"geometry":{"type":"Polygon","coordinates":[[[76.265976,9.96931],[76.274864,9.966251],[76.294029,9.92569],[76.267357,9.939312],[76.265976,9.96931]]]}},{"type":"Feature","properties":{},"geometry":{"type":"Polygon","coordinates":[[[80.14875,13.61375],[80.167641,13.58986],[80.141808,13.544861],[80.126526,13.58486],[80.158195,13.590973],[80.124863,13.601532],[80.130417,13.594583],[80.126526,13.588472],[80.120415,13.605694],[80.14875,13.61375]]]}},{"type":"Feature","properties":{},"geometry":{"type":"Polygon","coordinates":[[[82.333191,16.721252],[82.337082,16.69125],[82.352913,16.706812],[82.339859,16.718201],[82.368187,16.72403],[82.326805,16.668753],[82.318474,16.628752],[82.309586,16.651251],[82.319313,16.620701],[82.310692,16.60236],[82.283752,16.642641],[82.257072,16.651251],[82.265976,16.67153],[82.257919,16.701811],[82.305969,16.699583],[82.333191,16.721252]]]}},{"type":"Feature","properties":{},"geometry":{"type":"Polygon","coordinates":[[[86.267502,20.054451],[86.270836,20.051943],[86.273331,20.055281],[86.308052,20.034445],[86.279716,20.02667],[86.244995,20.02957],[86.267502,20.054451]]]}},{"type":"Feature","properties":{},"geometry":{"type":"Polygon","coordinates":[[[86.88485,20.768225],[86.991943,20.771112],[87.006943,20.743059],[87.001389,20.71583],[86.928711,20.714651],[86.892891,20.695122],[86.859177,20.664721],[86.86528,20.67889],[86.856941,20.68417],[86.870277,20.69278],[86.885277,20.70722],[86.878326,20.733061],[86.883888,20.70722],[86.856392,20.68611],[86.853523,20.656725],[86.842003,20.652239],[86.830223,20.672508],[86.803474,20.676567],[86.796669,20.672508],[86.79541,20.665623],[86.813354,20.66239],[86.819122,20.639242],[86.773796,20.646387],[86.801506,20.683405],[86.830002,20.76],[86.854164,20.775833],[86.88485,20.768225]]]}},{"type":"Feature","properties":{},"geometry":{"type":"Polygon","coordinates":[[[88.503334,21.593611],[88.53389,21.57806],[88.531387,21.5425],[88.506111,21.541111],[88.511673,21.558062],[88.503052,21.565281],[88.504173,21.544453],[88.481705,21.554726],[88.486107,21.588331],[88.503334,21.593611]]]}},{"type":"Feature","properties":{},"geometry":{"type":"Polygon","coordinates":[[[88.729523,21.633211],[88.73587,21.61068],[88.757187,21.59898],[88.748138,21.590952],[88.746948,21.577499],[88.735832,21.571672],[88.707207,21.594221],[88.716942,21.6325],[88.729523,21.633211]]]}},{"type":"Feature","properties":{},"geometry":{"type":"Polygon","coordinates":[[[88.541931,21.635111],[88.587502,21.601942],[88.575546,21.574171],[88.550003,21.56361],[88.536949,21.58695],[88.542862,21.589163],[88.556358,21.599112],[88.556664,21.604446],[88.536934,21.588398],[88.510002,21.602221],[88.524376,21.6532],[88.541931,21.635111]]]}},{"type":"Feature","properties":{},"geometry":{"type":"Polygon","coordinates":[[[88.773331,21.647497],[88.782219,21.596111],[88.798058,21.591665],[88.751945,21.576666],[88.75824,21.600039],[88.736076,21.61241],[88.729568,21.63995],[88.773331,21.647497]]]}},{"type":"Feature","properties":{},"geometry":{"type":"Polygon","coordinates":[[[88.57756,21.68811],[88.585831,21.658054],[88.605713,21.624401],[88.602219,21.620558],[88.553978,21.63953],[88.570808,21.666],[88.567528,21.69047],[88.57756,21.68811]]]}},{"type":"Feature","properties":{},"geometry":{"type":"Polygon","coordinates":[[[88.323891,21.706112],[88.346107,21.68861],[88.35807,21.647221],[88.311943,21.608334],[88.315796,21.677591],[88.300423,21.704559],[88.323891,21.706112]]]}},{"type":"Feature","properties":{},"geometry":{"type":"Polygon","coordinates":[[[88.228073,21.76195],[88.272003,21.754406],[88.26207,21.730173],[88.310555,21.675556],[88.28833,21.623058],[88.288612,21.597778],[88.306107,21.583328],[88.291664,21.563053],[88.248337,21.563889],[88.242775,21.596666],[88.216393,21.616388],[88.234734,21.635378],[88.23333,21.668056],[88.197777,21.689169],[88.220383,21.700029],[88.213936,21.75087],[88.228073,21.76195]]]}},{"type":"Feature","properties":{},"geometry":{"type":"Polygon","coordinates":[[[88.206947,21.717218],[88.216591,21.700541],[88.198334,21.694445],[88.195557,21.681944],[88.226326,21.670212],[88.231667,21.64361],[88.21167,21.620831],[88.211945,21.601667],[88.181389,21.68611],[88.206947,21.717218]]]}},{"type":"Feature","properties":{},"geometry":{"type":"Polygon","coordinates":[[[88.457184,21.705494],[88.470688,21.672991],[88.44223,21.615],[88.419411,21.689178],[88.457184,21.705494]]]}},{"type":"Feature","properties":{},"geometry":{"type":"Polygon","coordinates":[[[88.415833,21.726704],[88.428566,21.702011],[88.413307,21.691067],[88.411163,21.658663],[88.431938,21.627359],[88.398613,21.595556],[88.379723,21.680832],[88.403542,21.716673],[88.368637,21.727341],[88.386742,21.73385],[88.394997,21.755001],[88.401772,21.737825],[88.415833,21.726704]]]}},{"type":"Feature","properties":{},"geometry":{"type":"Polygon","coordinates":[[[88.698296,21.709721],[88.707428,21.68119],[88.751373,21.64872],[88.722893,21.63862],[88.687042,21.683331],[88.698296,21.709721]]]}},{"type":"Feature","properties":{},"geometry":{"type":"Polygon","coordinates":[[[88.809998,21.699171],[88.796944,21.655277],[88.730553,21.684721],[88.758331,21.682501],[88.801392,21.70639],[88.809998,21.699171]]]}},{"type":"Feature","properties":{},"geometry":{"type":"Polygon","coordinates":[[[88.550392,21.735889],[88.560043,21.729361],[88.571106,21.732222],[88.590698,21.690628],[88.580246,21.684681],[88.569939,21.710621],[88.552803,21.724041],[88.543015,21.723913],[88.568298,21.709761],[88.574203,21.694027],[88.562721,21.706364],[88.556946,21.70639],[88.55278,21.70278],[88.565056,21.702942],[88.569168,21.669443],[88.548592,21.6364],[88.529579,21.652653],[88.51722,21.711401],[88.550392,21.735889]]]}},{"type":"Feature","properties":{},"geometry":{"type":"Polygon","coordinates":[[[88.370415,21.76362],[88.35981,21.746201],[88.359688,21.734501],[88.36528,21.722219],[88.398056,21.713333],[88.360558,21.68639],[88.337563,21.709761],[88.348892,21.725554],[88.34256,21.75386],[88.370415,21.76362]]]}},{"type":"Feature","properties":{},"geometry":{"type":"Polygon","coordinates":[[[88.719223,21.80382],[88.728058,21.777779],[88.759262,21.759218],[88.752228,21.74861],[88.752769,21.731579],[88.776657,21.721109],[88.748276,21.70709],[88.741562,21.718269],[88.735863,21.719292],[88.746262,21.70619],[88.758614,21.709723],[88.762756,21.69293],[88.729294,21.686756],[88.730774,21.682032],[88.754997,21.66564],[88.748047,21.658331],[88.711113,21.69018],[88.695,21.743891],[88.719223,21.80382]]]}},{"type":"Feature","properties":{},"geometry":{"type":"Polygon","coordinates":[[[88.301033,21.720371],[88.297279,21.705601],[88.27803,21.72817],[88.28891,21.778484],[88.301033,21.720371]]]}},{"type":"Feature","properties":{},"geometry":{"type":"Polygon","coordinates":[[[88.584724,21.775278],[88.585609,21.753891],[88.619766,21.738312],[88.616371,21.727627],[88.57972,21.72584],[88.569,21.769178],[88.584724,21.775278]]]}},{"type":"Feature","properties":{},"geometry":{"type":"Polygon","coordinates":[[[88.614166,21.788765],[88.630836,21.7425],[88.608887,21.708055],[88.598846,21.715523],[88.619446,21.725554],[88.623055,21.736666],[88.58625,21.756598],[88.59259,21.785196],[88.614166,21.788765]]]}},{"type":"Feature","properties":{},"geometry":{"type":"Polygon","coordinates":[[[88.389183,21.76137],[88.38501,21.738611],[88.361908,21.732698],[88.372818,21.763609],[88.389183,21.76137]]]}},{"type":"Feature","properties":{},"geometry":{"type":"Polygon","coordinates":[[[88.463264,21.788887],[88.474998,21.791389],[88.467216,21.737221],[88.455917,21.711418],[88.433136,21.704481],[88.423546,21.76827],[88.438789,21.78035],[88.446037,21.797958],[88.456894,21.789173],[88.463264,21.788887]]]}},{"type":"Feature","properties":{},"geometry":{"type":"Polygon","coordinates":[[[88.138512,21.871891],[88.172501,21.811953],[88.165833,21.80722],[88.163643,21.799549],[88.170662,21.742401],[88.143402,21.679552],[88.155281,21.681389],[88.154724,21.65],[88.109169,21.625834],[88.041664,21.649166],[88.036667,21.675001],[88.072853,21.780182],[88.138512,21.871891]]]}},{"type":"Feature","properties":{},"geometry":{"type":"Polygon","coordinates":[[[88.560738,21.80265],[88.57222,21.735001],[88.541718,21.737679],[88.518326,21.719707],[88.504494,21.757891],[88.525482,21.773661],[88.532631,21.782961],[88.535286,21.792021],[88.504173,21.762501],[88.506195,21.776033],[88.540558,21.810558],[88.560738,21.80265]]]}},{"type":"Feature","properties":{},"geometry":{"type":"Polygon","coordinates":[[[88.426102,21.808781],[88.429634,21.799587],[88.442688,21.79965],[88.42086,21.767231],[88.42276,21.71982],[88.38266,21.7791],[88.426102,21.808781]]]}},{"type":"Feature","properties":{},"geometry":{"type":"Polygon","coordinates":[[[88.78389,21.740278],[88.75666,21.73341],[88.764389,21.7605],[88.749756,21.76965],[88.766373,21.786791],[88.782104,21.825193],[88.793556,21.80974],[88.787262,21.795797],[88.79583,21.787222],[88.782219,21.766947],[88.78389,21.740278]]]}},{"type":"Feature","properties":{},"geometry":{"type":"Polygon","coordinates":[[[88.337799,21.86002],[88.34549,21.855062],[88.352722,21.854242],[88.351418,21.821905],[88.361389,21.796021],[88.379677,21.788481],[88.378044,21.769444],[88.343452,21.760269],[88.339806,21.751011],[88.345001,21.721666],[88.315857,21.709053],[88.29834,21.777151],[88.311111,21.783056],[88.31086,21.795635],[88.293892,21.80278],[88.310349,21.793486],[88.296013,21.77405],[88.285561,21.78941],[88.262596,21.795321],[88.260071,21.806505],[88.307732,21.830301],[88.315353,21.84466],[88.315147,21.857597],[88.337799,21.86002]]]}},{"type":"Feature","properties":{},"geometry":{"type":"Polygon","coordinates":[[[88.489288,21.835173],[88.500267,21.812502],[88.485832,21.798611],[88.45314,21.80566],[88.489288,21.835173]]]}},{"type":"Feature","properties":{},"geometry":{"type":"Polygon","coordinates":[[[88.595833,21.848057],[88.61805,21.829245],[88.607224,21.815832],[88.614166,21.798059],[88.589455,21.798325],[88.576042,21.817034],[88.595833,21.848057]]]}},{"type":"Feature","properties":{},"geometry":{"type":"Polygon","coordinates":[[[88.62442,21.896391],[88.633331,21.869722],[88.653519,21.867708],[88.638893,21.784718],[88.611946,21.816669],[88.621109,21.83139],[88.594719,21.854445],[88.62442,21.896391]]]}},{"type":"Feature","properties":{},"geometry":{"type":"Polygon","coordinates":[[[88.722221,21.902781],[88.726669,21.899164],[88.748337,21.896111],[88.748611,21.889441],[88.756111,21.880278],[88.780563,21.85944],[88.768608,21.852501],[88.763885,21.828611],[88.777222,21.821671],[88.757767,21.781111],[88.751663,21.815283],[88.72583,21.794447],[88.71833,21.80806],[88.707497,21.81139],[88.705002,21.82778],[88.712502,21.825293],[88.716667,21.826111],[88.728058,21.8375],[88.704445,21.829445],[88.702499,21.824169],[88.696663,21.838055],[88.717499,21.855556],[88.696945,21.848612],[88.722221,21.902781]]]}},{"type":"Feature","properties":{},"geometry":{"type":"Polygon","coordinates":[[[88.451668,21.90489],[88.457619,21.894991],[88.483536,21.88592],[88.489166,21.83889],[88.448708,21.81661],[88.448906,21.805531],[88.463081,21.790365],[88.424026,21.812401],[88.401527,21.798031],[88.399986,21.872499],[88.418846,21.889299],[88.419823,21.903139],[88.451668,21.90489]]]}},{"type":"Feature","properties":{},"geometry":{"type":"Polygon","coordinates":[[[88.567299,21.899342],[88.572739,21.85836],[88.551033,21.817291],[88.530602,21.847141],[88.550262,21.880959],[88.540604,21.901237],[88.544991,21.904673],[88.56134,21.897598],[88.567299,21.899342]]]}},{"type":"Feature","properties":{},"geometry":{"type":"Polygon","coordinates":[[[88.644997,21.91917],[88.667221,21.91028],[88.652779,21.873333],[88.634453,21.87056],[88.623383,21.901409],[88.644997,21.91917]]]}},{"type":"Feature","properties":{},"geometry":{"type":"Polygon","coordinates":[[[88.726112,21.928055],[88.738052,21.91778],[88.799446,21.919722],[88.814163,21.902781],[88.808609,21.895283],[88.808052,21.884443],[88.796669,21.876671],[88.789719,21.864717],[88.793602,21.874161],[88.790833,21.879169],[88.786392,21.878611],[88.776108,21.86972],[88.748886,21.897223],[88.718887,21.909166],[88.726112,21.928055]]]}},{"type":"Feature","properties":{},"geometry":{"type":"Polygon","coordinates":[[[88.750275,21.978611],[88.750298,21.95529],[88.775841,21.94145],[88.786453,21.95265],[88.788902,21.940714],[88.805786,21.93648],[88.799393,21.925928],[88.73278,21.925278],[88.724884,21.97794],[88.750275,21.978611]]]}},{"type":"Feature","properties":{},"geometry":{"type":"Polygon","coordinates":[[[88.144173,22.022779],[88.087502,21.932779],[88.047226,21.911671],[88.076942,21.999453],[88.144173,22.022779]]]}},{"type":"Feature","properties":{},"geometry":{"type":"Polygon","coordinates":[[[88.663971,22.017248],[88.715782,22.000641],[88.693085,21.969801],[88.68644,21.973501],[88.692871,21.984053],[88.690086,21.98954],[88.686668,21.99111],[88.684822,21.97406],[88.694733,21.96139],[88.667778,21.953331],[88.688057,21.952778],[88.678154,21.942867],[88.628647,21.958031],[88.634857,21.995951],[88.663971,22.017248]]]}},{"type":"Feature","properties":{},"geometry":{"type":"Polygon","coordinates":[[[88.7687,22.05139],[88.779198,22.03684],[88.791283,22.03199],[88.778053,22.01972],[88.761108,22.021944],[88.751427,22.050333],[88.7687,22.05139]]]}},{"type":"Feature","properties":{},"geometry":{"type":"Polygon","coordinates":[[[88.806961,22.082285],[88.815018,22.080584],[88.827782,22.086035],[88.836212,22.066339],[88.828766,22.071501],[88.805214,22.065737],[88.794151,22.055662],[88.787216,22.072222],[88.781242,22.048363],[88.748093,22.05817],[88.784271,22.107174],[88.798897,22.108362],[88.79834,22.098341],[88.802673,22.086445],[88.806961,22.082285]]]}},{"type":"Feature","properties":{},"geometry":{"type":"Polygon","coordinates":[[[88.700409,22.208021],[88.731895,22.193991],[88.764977,22.1922],[88.768898,22.180019],[88.789169,22.169449],[88.738052,22.134541],[88.683052,22.080832],[88.691116,22.057053],[88.735741,22.031614],[88.739677,22.017696],[88.721046,22.005301],[88.663773,22.023762],[88.634186,22.106211],[88.652863,22.163391],[88.683884,22.207243],[88.700409,22.208021]]]}},{"type":"Feature","properties":{},"geometry":{"type":"Polygon","coordinates":[[[88.849144,22.1908],[88.859612,22.2041],[88.868286,22.171186],[88.850792,22.173565],[88.8433,22.167179],[88.855888,22.144453],[88.804611,22.130541],[88.777641,22.111221],[88.739166,22.056992],[88.70472,22.065001],[88.749161,22.135],[88.809196,22.179411],[88.82959,22.165291],[88.838272,22.167032],[88.840508,22.17494],[88.828056,22.20804],[88.840698,22.191219],[88.845169,22.18915],[88.849144,22.1908]]]}},{"type":"Feature","properties":{},"geometry":{"type":"Polygon","coordinates":[[[88.814957,22.280361],[88.815514,22.263987],[88.826408,22.264021],[88.825676,22.241442],[88.79847,22.225973],[88.805542,22.208353],[88.81823,22.195589],[88.827499,22.194986],[88.834053,22.166853],[88.809616,22.183338],[88.794151,22.17057],[88.767441,22.19421],[88.747177,22.199011],[88.752937,22.231453],[88.791565,22.258436],[88.795052,22.276075],[88.814957,22.280361]]]}},{"type":"Feature","properties":{},"geometry":{"type":"Polygon","coordinates":[[[92.526657,10.891389],[92.531975,10.874808],[92.528488,10.869279],[92.530281,10.865279],[92.536934,10.865653],[92.531944,10.885001],[92.559448,10.860833],[92.560516,10.800871],[92.587708,10.786945],[92.596779,10.678326],[92.577225,10.673889],[92.582909,10.657028],[92.539795,10.610556],[92.568611,10.576668],[92.513054,10.511667],[92.434723,10.548333],[92.385277,10.532222],[92.420563,10.61472],[92.399719,10.661112],[92.38028,10.6675],[92.376114,10.781667],[92.385559,10.789999],[92.39473,10.779139],[92.393326,10.76889],[92.394722,10.762499],[92.397224,10.760348],[92.426888,10.823284],[92.457413,10.83999],[92.456947,10.861391],[92.500557,10.89084],[92.509453,10.868611],[92.509445,10.894721],[92.526657,10.891389]]]}},{"type":"Feature","properties":{},"geometry":{"type":"Polygon","coordinates":[[[92.644402,11.511318],[92.668587,11.489961],[92.685791,11.436611],[92.649345,11.407248],[92.693481,11.387418],[92.690872,11.37034],[92.664482,11.352189],[92.599373,11.34676],[92.581207,11.366671],[92.587105,11.400479],[92.622948,11.405332],[92.613632,11.47418],[92.631989,11.514491],[92.644402,11.511318]]]}},{"type":"Feature","properties":{},"geometry":{"type":"Polygon","coordinates":[[[92.222771,11.591081],[92.270729,11.584091],[92.269829,11.522507],[92.214546,11.529451],[92.20726,11.585251],[92.222771,11.591081]]]}},{"type":"Feature","properties":{},"geometry":{"type":"Polygon","coordinates":[[[92.545387,11.601729],[92.569267,11.5897],[92.565353,11.5735],[92.530182,11.554127],[92.533607,11.601351],[92.545387,11.601729]]]}},{"type":"Feature","properties":{},"geometry":{"type":"Polygon","coordinates":[[[92.702896,12.233029],[92.703712,12.16543],[92.721153,12.180281],[92.7575,12.176391],[92.736214,12.106604],[92.735275,12.065278],[92.751595,12.07101],[92.75222,12.054742],[92.783607,12.04694],[92.77861,12.024167],[92.761948,12.020555],[92.739243,12.040917],[92.736626,12.015921],[92.768753,11.99904],[92.74305,11.99359],[92.757172,11.988371],[92.748444,11.977568],[92.734589,11.977092],[92.738754,11.997337],[92.728081,11.994791],[92.732986,11.968761],[92.718979,11.96153],[92.714424,11.932956],[92.725281,11.927391],[92.724426,11.850859],[92.707047,11.816401],[92.680077,11.81858],[92.692467,11.808762],[92.710182,11.814516],[92.718193,11.824522],[92.746254,11.931821],[92.784492,11.936051],[92.788551,11.901219],[92.755074,11.701056],[92.743454,11.712849],[92.740707,11.690137],[92.701897,11.70713],[92.708199,11.670119],[92.666206,11.653901],[92.673653,11.62522],[92.687683,11.640593],[92.694572,11.622729],[92.695099,11.652946],[92.711807,11.64375],[92.729843,11.65923],[92.716133,11.664752],[92.721458,11.68632],[92.756653,11.665071],[92.711281,11.477318],[92.699097,11.506521],[92.667229,11.503932],[92.646889,11.522021],[92.64727,11.572363],[92.633156,11.57915],[92.617859,11.56282],[92.620277,11.573621],[92.619118,11.582721],[92.607376,11.59478],[92.608231,11.619721],[92.636063,11.61555],[92.644386,11.63629],[92.63176,11.650861],[92.630997,11.628252],[92.608398,11.634029],[92.588135,11.717883],[92.561562,11.69485],[92.546402,11.834947],[92.522964,11.825575],[92.513519,11.848001],[92.562401,11.946474],[92.586777,11.88754],[92.601639,11.897151],[92.600311,11.867096],[92.604156,11.85818],[92.611046,11.87126],[92.623611,12.102781],[92.661987,12.215507],[92.655121,12.18169],[92.674149,12.21798],[92.684967,12.208741],[92.689392,12.23535],[92.702896,12.233029]]]}},{"type":"Feature","properties":{},"geometry":{"type":"Polygon","coordinates":[[[92.714218,12.829169],[92.712288,12.777055],[92.72554,12.748071],[92.718033,12.7189],[92.694519,12.797542],[92.714218,12.829169]]]}},{"type":"Feature","properties":{},"geometry":{"type":"Polygon","coordinates":[[[92.700111,12.988912],[92.720413,12.975795],[92.721497,12.888345],[92.708687,12.883912],[92.719521,12.874221],[92.700401,12.840321],[92.6754,12.835888],[92.689011,12.81673],[92.668159,12.782572],[92.648163,12.861159],[92.663162,12.879142],[92.629883,12.882731],[92.664543,12.8806],[92.670578,12.912283],[92.636871,12.919539],[92.67012,12.918037],[92.680397,12.948051],[92.669838,12.962492],[92.700111,12.988912]]]}},{"type":"Feature","properties":{},"geometry":{"type":"Polygon","coordinates":[[[88.839157,21.60417],[88.876114,21.592222],[88.90361,21.555834],[88.842781,21.553888],[88.828331,21.576942],[88.839157,21.60417]]]}},{"type":"Feature","properties":{},"geometry":{"type":"Polygon","coordinates":[[[88.969902,21.640341],[88.991386,21.64357],[88.990837,21.615],[88.955917,21.617567],[88.94207,21.64015],[88.954689,21.67691],[88.962646,21.64658],[88.965767,21.641535],[88.969902,21.640341]]]}},{"type":"Feature","properties":{},"geometry":{"type":"Polygon","coordinates":[[[88.989723,21.700001],[88.987907,21.652981],[88.996391,21.649038],[89.022758,21.654026],[89.022339,21.636095],[89.037491,21.61813],[89.028763,21.604822],[89.0,21.601671],[88.992363,21.64414],[88.96386,21.64613],[88.950966,21.70101],[88.97316,21.69739],[88.984489,21.705688],[88.989723,21.700001]]]}},{"type":"Feature","properties":{},"geometry":{"type":"Polygon","coordinates":[[[89.061646,21.719902],[89.095039,21.643961],[89.05159,21.617531],[89.028488,21.635319],[89.024727,21.69486],[89.022003,21.70038],[89.009796,21.70487],[89.061646,21.719902]]]}},{"type":"Feature","properties":{},"geometry":{"type":"Polygon","coordinates":[[[88.886665,21.743334],[88.940277,21.695278],[88.92083,21.632221],[88.887779,21.658054],[88.873055,21.694445],[88.886665,21.743334]]]}},{"type":"Feature","properties":{},"geometry":{"type":"Polygon","coordinates":[[[88.982986,21.7253],[88.999725,21.715279],[89.020523,21.713551],[89.00779,21.70713],[89.024162,21.687733],[89.007759,21.652222],[88.990074,21.654121],[88.9925,21.701391],[88.970558,21.720833],[88.982986,21.7253]]]}},{"type":"Feature","properties":{},"geometry":{"type":"Polygon","coordinates":[[[88.836113,21.765011],[88.86528,21.758612],[88.839165,21.706944],[88.859955,21.637226],[88.8442,21.626995],[88.842781,21.645281],[88.830566,21.651953],[88.828613,21.650555],[88.845833,21.620001],[88.808899,21.63879],[88.822777,21.665001],[88.815002,21.710001],[88.762512,21.70137],[88.781593,21.716],[88.790833,21.74917],[88.797623,21.74703],[88.808891,21.748331],[88.836113,21.765011]]]}},{"type":"Feature","properties":{},"geometry":{"type":"Polygon","coordinates":[[[88.932503,21.761671],[88.96785,21.73951],[88.98748,21.74472],[88.969444,21.722778],[88.970558,21.717501],[88.98333,21.705832],[88.950241,21.70233],[88.922783,21.719707],[88.932503,21.761671]]]}},{"type":"Feature","properties":{},"geometry":{"type":"Polygon","coordinates":[[[89.010605,21.764944],[89.036835,21.739956],[89.05928,21.72592],[89.01741,21.717779],[89.01693,21.731211],[88.999733,21.76055],[89.010605,21.764944]]]}},{"type":"Feature","properties":{},"geometry":{"type":"Polygon","coordinates":[[[89.004883,21.784088],[89.011337,21.778891],[88.997696,21.771391],[88.996933,21.76396],[89.015427,21.723928],[89.0037,21.716072],[88.976669,21.728611],[88.988663,21.739849],[88.987877,21.746649],[88.968712,21.740705],[88.951111,21.758055],[88.989197,21.788612],[89.004883,21.784088]]]}},{"type":"Feature","properties":{},"geometry":{"type":"Polygon","coordinates":[[[88.8255,21.800329],[88.830276,21.766665],[88.790833,21.75001],[88.784187,21.766293],[88.821671,21.822901],[88.8255,21.800329]]]}},{"type":"Feature","properties":{},"geometry":{"type":"Polygon","coordinates":[[[89.003387,21.81065],[89.016617,21.81163],[89.023735,21.75905],[89.014542,21.765799],[88.998108,21.768612],[89.012756,21.7794],[89.009674,21.783764],[88.990181,21.790039],[89.003387,21.81065]]]}},{"type":"Feature","properties":{},"geometry":{"type":"Polygon","coordinates":[[[88.919724,21.823334],[88.937233,21.816669],[88.933327,21.814442],[88.92778,21.806389],[88.926666,21.798328],[88.917778,21.791664],[88.923332,21.788055],[88.911392,21.761671],[88.912781,21.75528],[88.897781,21.751944],[88.906937,21.79417],[88.895836,21.788061],[88.883057,21.808058],[88.919724,21.823334]]]}},{"type":"Feature","properties":{},"geometry":{"type":"Polygon","coordinates":[[[88.856392,21.861944],[88.855278,21.858061],[88.858063,21.85527],[88.87722,21.851669],[88.875,21.845554],[88.882233,21.797218],[88.898056,21.77861],[88.891388,21.753611],[88.921387,21.74361],[88.91333,21.727779],[88.864441,21.779171],[88.834999,21.781668],[88.837219,21.843056],[88.856392,21.861944]]]}},{"type":"Feature","properties":{},"geometry":{"type":"Polygon","coordinates":[[[88.943886,21.84333],[88.953903,21.825293],[88.976387,21.821386],[88.97139,21.804451],[88.95417,21.80806],[88.940277,21.793055],[88.940422,21.782366],[88.959999,21.775278],[88.956665,21.768612],[88.921387,21.766111],[88.914169,21.75556],[88.938889,21.816668],[88.924446,21.835833],[88.932777,21.836945],[88.937775,21.846947],[88.943886,21.84333]]]}},{"type":"Feature","properties":{},"geometry":{"type":"Polygon","coordinates":[[[88.983116,21.892401],[89.028893,21.865843],[89.024757,21.849216],[88.998131,21.871059],[88.989243,21.868122],[89.029991,21.83453],[88.994156,21.814173],[88.970497,21.775091],[88.942787,21.786501],[88.976418,21.804468],[88.978882,21.822226],[88.950356,21.839691],[88.979126,21.867441],[88.969658,21.891251],[88.983116,21.892401]]]}},{"type":"Feature","properties":{},"geometry":{"type":"Polygon","coordinates":[[[88.791946,21.876129],[88.787781,21.863611],[88.79361,21.86639],[88.800552,21.877781],[88.798889,21.870832],[88.801392,21.868061],[88.82972,21.862221],[88.794998,21.791389],[88.788887,21.79583],[88.795563,21.80167],[88.794441,21.812502],[88.789719,21.82139],[88.784157,21.826111],[88.765831,21.82889],[88.791946,21.876129]]]}},{"type":"Feature","properties":{},"geometry":{"type":"Polygon","coordinates":[[[88.883232,21.915421],[88.920563,21.925831],[88.974716,21.89694],[88.96611,21.89028],[88.976669,21.8675],[88.955559,21.853889],[88.958885,21.869722],[88.949448,21.886671],[88.943336,21.884722],[88.956947,21.869722],[88.94722,21.840563],[88.939163,21.853613],[88.917778,21.860558],[88.915001,21.880833],[88.906937,21.878889],[88.921669,21.853889],[88.939163,21.85],[88.922783,21.83556],[88.923058,21.824438],[88.886108,21.813063],[88.878052,21.853889],[88.857216,21.85861],[88.854164,21.889444],[88.819618,21.9282],[88.849129,21.911785],[88.883232,21.915421]]]}},{"type":"Feature","properties":{},"geometry":{"type":"Polygon","coordinates":[[[88.820831,21.899723],[88.84111,21.885836],[88.829437,21.864717],[88.800278,21.870556],[88.820831,21.899723]]]}},{"type":"Feature","properties":{},"geometry":{"type":"Polygon","coordinates":[[[88.826393,22.021391],[88.90361,22.010559],[88.904022,21.926481],[88.849701,21.920391],[88.824837,21.93985],[88.790558,21.941669],[88.787224,21.955],[88.775558,21.943331],[88.751663,21.95694],[88.753326,21.985279],[88.764442,21.984442],[88.774445,21.989721],[88.781967,21.972704],[88.800293,21.970453],[88.776665,21.990833],[88.753609,21.988058],[88.772499,22.012218],[88.762047,22.015196],[88.780281,22.016111],[88.801392,22.029722],[88.813057,22.019167],[88.826393,22.021391]]]}},{"type":"Feature","properties":{},"geometry":{"type":"Polygon","coordinates":[[[89.020546,22.050001],[89.041206,22.048504],[89.078003,21.986933],[89.063286,21.934511],[89.043327,21.932901],[89.041039,21.951044],[89.041466,21.932631],[89.049423,21.929708],[89.0327,21.926163],[88.999168,21.951221],[89.018066,21.975534],[89.015266,21.983843],[89.00544,21.98649],[89.0298,21.996532],[89.032501,22.002083],[89.006248,21.988997],[88.992439,21.973631],[88.989693,21.98567],[88.975563,21.991392],[88.983063,21.9928],[88.999359,22.007105],[88.974998,21.9925],[88.979156,22.004721],[88.968086,22.01436],[88.985504,22.045916],[88.985168,22.055223],[89.008331,22.050821],[89.015686,22.062931],[89.015671,22.051874],[89.020546,22.050001]]]}},{"type":"Feature","properties":{},"geometry":{"type":"Polygon","coordinates":[[[88.901039,22.040239],[88.90136,22.01832],[88.879082,22.014521],[88.851952,22.041683],[88.890213,22.045843],[88.892044,22.049337],[88.886917,22.057783],[88.901039,22.040239]]]}},{"type":"Feature","properties":{},"geometry":{"type":"Polygon","coordinates":[[[88.816856,22.061392],[88.832207,22.02717],[88.780159,22.037832],[88.787575,22.059629],[88.794472,22.054241],[88.816856,22.061392]]]}},{"type":"Feature","properties":{},"geometry":{"type":"Polygon","coordinates":[[[88.955223,22.189737],[88.984863,22.148481],[88.980476,22.13286],[88.970032,22.156301],[88.963196,22.160139],[88.952751,22.158468],[88.978264,22.131468],[88.981445,22.132215],[88.985466,22.137869],[88.984169,22.123056],[88.968903,22.082613],[88.955978,22.10177],[88.950546,22.10417],[88.96611,22.07778],[88.924637,22.064592],[88.923943,22.024202],[88.931107,22.000002],[88.946106,22.000002],[88.93486,22.05514],[88.963638,22.056992],[88.960136,22.05201],[88.961464,22.048998],[88.977097,22.038393],[88.962219,22.017221],[88.972496,21.987791],[88.992233,21.970003],[89.013527,21.979107],[88.990936,21.951935],[89.021347,21.921659],[89.012573,21.901995],[88.968834,21.921139],[88.97197,21.928654],[88.964676,21.934801],[88.976189,21.938953],[88.976387,21.946112],[88.962502,21.934999],[88.966103,21.92293],[88.935883,21.936491],[88.91272,21.99436],[88.901436,22.065283],[88.930717,22.098101],[88.923248,22.122942],[88.930939,22.122644],[88.940346,22.127977],[88.936478,22.142813],[88.938316,22.12689],[88.91317,22.13003],[88.893936,22.169699],[88.919716,22.161112],[88.955223,22.189737]]]}},{"type":"Feature","properties":{},"geometry":{"type":"Polygon","coordinates":[[[88.869423,22.073412],[88.870377,22.06278],[88.890289,22.047832],[88.853951,22.044626],[88.850037,22.041033],[88.85923,22.025574],[88.83596,22.02545],[88.845551,22.06167],[88.83252,22.051683],[88.82,22.064173],[88.834381,22.06389],[88.853859,22.078972],[88.869423,22.073412]]]}},{"type":"Feature","properties":{},"geometry":{"type":"Polygon","coordinates":[[[88.900337,22.081343],[88.890907,22.060356],[88.870964,22.064358],[88.870209,22.086901],[88.900337,22.081343]]]}},{"type":"Feature","properties":{},"geometry":{"type":"Polygon","coordinates":[[[88.821983,22.12306],[88.845726,22.119421],[88.849243,22.103971],[88.868027,22.08547],[88.838661,22.089922],[88.8675,22.082502],[88.851181,22.079363],[88.838089,22.073078],[88.819206,22.104422],[88.825256,22.08729],[88.805511,22.085081],[88.798866,22.11138],[88.821983,22.12306]]]}},{"type":"Feature","properties":{},"geometry":{"type":"Polygon","coordinates":[[[89.006897,22.198072],[89.018631,22.153814],[89.050476,22.130632],[89.035263,22.110472],[89.016296,22.114193],[89.029701,22.11952],[89.030128,22.122942],[89.014648,22.114008],[89.03553,22.109295],[89.038788,22.054903],[89.027672,22.053522],[89.029968,22.059122],[89.028801,22.077131],[89.027687,22.079153],[89.023376,22.078787],[89.026047,22.052933],[89.014725,22.064444],[88.985291,22.056982],[88.977913,22.039923],[88.962357,22.06048],[88.996941,22.138027],[88.972687,22.193438],[89.006897,22.198072]]]}},{"type":"Feature","properties":{},"geometry":{"type":"Polygon","coordinates":[[[88.870644,22.167833],[88.921608,22.1113],[88.915749,22.0903],[88.896446,22.090796],[88.89222,22.114449],[88.894966,22.091223],[88.872253,22.087805],[88.845863,22.121962],[88.830696,22.127081],[88.860245,22.142448],[88.849106,22.169172],[88.870644,22.167833]]]}},{"type":"Feature","properties":{},"geometry":{"type":"Polygon","coordinates":[[[88.938881,22.224031],[88.954185,22.221603],[88.961586,22.19721],[88.93148,22.177011],[88.908096,22.196819],[88.916672,22.208261],[88.918793,22.230808],[88.938881,22.224031]]]}},{"type":"Feature","properties":{},"geometry":{"type":"Polygon","coordinates":[[[88.853889,22.361113],[88.937218,22.298262],[88.930336,22.259413],[88.954079,22.225241],[88.918968,22.233032],[88.913872,22.219904],[88.887047,22.2363],[88.895477,22.25239],[88.887611,22.265932],[88.87677,22.274492],[88.87262,22.274549],[88.865097,22.270809],[88.863152,22.2764],[88.849968,22.289309],[88.84333,22.289721],[88.864861,22.270151],[88.887238,22.26491],[88.885658,22.236214],[88.913887,22.216108],[88.904488,22.197243],[88.91861,22.16535],[88.898224,22.177908],[88.872269,22.17137],[88.86618,22.194147],[88.883438,22.200052],[88.886086,22.206823],[88.883507,22.212271],[88.841011,22.214264],[88.875839,22.252804],[88.839432,22.215527],[88.841949,22.21174],[88.849464,22.209789],[88.882278,22.211599],[88.881081,22.200165],[88.854469,22.206213],[88.844269,22.190317],[88.829903,22.210131],[88.824615,22.204336],[88.825462,22.1984],[88.819489,22.19636],[88.80056,22.225842],[88.81855,22.23094],[88.828423,22.241905],[88.829567,22.253721],[88.827301,22.265451],[88.816643,22.271679],[88.815453,22.282972],[88.806526,22.285749],[88.804169,22.329721],[88.818336,22.358892],[88.853889,22.361113]]]}},{"type":"Feature","properties":{},"geometry":{"type":"Polygon","coordinates":[[[88.983391,22.378719],[88.983757,22.325022],[89.023331,22.297503],[88.994164,22.285555],[89.017746,22.268312],[89.014549,22.251598],[89.032394,22.257299],[89.037048,22.226713],[89.066902,22.198315],[89.068642,22.147362],[89.09626,22.155012],[89.062187,22.128429],[89.022949,22.166262],[89.019722,22.205553],[88.972519,22.209711],[88.94722,22.25556],[88.953911,22.359728],[88.964622,22.367441],[88.974167,22.395002],[88.967361,22.40769],[88.988869,22.39156],[88.983391,22.378719]]]}},{"type":"Feature","properties":{},"geometry":{"type":"Polygon","coordinates":[[[88.866676,22.396112],[88.865547,22.385559],[88.880577,22.403212],[88.874847,22.386831],[88.883751,22.371992],[88.897781,22.364174],[88.898613,22.336674],[88.860832,22.370832],[88.855339,22.387642],[88.861664,22.410555],[88.866676,22.396112]]]}},{"type":"Feature","properties":{},"geometry":{"type":"Polygon","coordinates":[[[88.923653,22.562805],[88.933502,22.55612],[88.959961,22.54862],[88.998611,22.430292],[88.964165,22.409166],[88.957779,22.364721],[88.93528,22.39583],[88.941963,22.400282],[88.940208,22.418501],[88.946602,22.420572],[88.939445,22.41901],[88.934151,22.395863],[88.953476,22.365532],[88.941948,22.309881],[88.907333,22.335791],[88.896431,22.379829],[88.93,22.39028],[88.925819,22.406233],[88.907776,22.415833],[88.918556,22.42201],[88.92054,22.426691],[88.894722,22.466112],[88.914444,22.51111],[88.895042,22.559641],[88.923653,22.562805]]]}},{"type":"Feature","properties":{},"geometry":{"type":"Polygon","coordinates":[[[88.900497,22.54538],[88.892326,22.465353],[88.902779,22.414724],[88.921669,22.400553],[88.888046,22.378332],[88.896393,22.373611],[88.898056,22.366667],[88.876602,22.386917],[88.882187,22.403637],[88.856125,22.422781],[88.867737,22.487867],[88.860237,22.500257],[88.843613,22.507399],[88.856667,22.509974],[88.868279,22.52294],[88.867302,22.534512],[88.868958,22.540474],[88.888336,22.553892],[88.900497,22.54538]]]}},{"type":"Feature","properties":{},"geometry":{"type":"Polygon","coordinates":[[[88.78669,22.499109],[88.810921,22.479586],[88.821686,22.43479],[88.834831,22.433804],[88.819229,22.432253],[88.80397,22.444452],[88.78669,22.499109]]]}},{"type":"Feature","properties":{},"geometry":{"type":"Polygon","coordinates":[[[92.793053,9.239722],[92.824303,9.195842],[92.854362,9.209159],[92.825531,9.192131],[92.830551,9.138695],[92.782333,9.120181],[92.789444,9.116945],[92.731667,9.124377],[92.721107,9.214166],[92.768059,9.21611],[92.774719,9.256946],[92.793053,9.239722]]]}},{"type":"Feature","properties":{},"geometry":{"type":"Polygon","coordinates":[[[92.781647,12.31075],[92.796082,12.303895],[92.809959,12.31276],[92.830322,12.30028],[92.866379,12.305611],[92.889313,12.265942],[92.87825,12.25144],[92.86467,12.251345],[92.858887,12.245831],[92.880508,12.195137],[92.846603,12.19768],[92.850586,12.157321],[92.822586,12.165453],[92.81485,12.132392],[92.802261,12.130792],[92.8125,12.106943],[92.788437,12.10249],[92.792717,12.081054],[92.764679,12.06332],[92.739166,12.09475],[92.767738,12.18659],[92.769867,12.236852],[92.742287,12.24554],[92.750648,12.274074],[92.764534,12.263796],[92.778557,12.279522],[92.775337,12.300861],[92.767548,12.298122],[92.781647,12.31075]]]}},{"type":"Feature","properties":{},"geometry":{"type":"Polygon","coordinates":[[[92.733131,12.241052],[92.732887,12.210252],[92.739258,12.223564],[92.744766,12.210211],[92.739807,12.23578],[92.762299,12.229374],[92.76368,12.18218],[92.731186,12.19301],[92.723442,12.188842],[92.733131,12.241052]]]}},{"type":"Feature","properties":{},"geometry":{"type":"Polygon","coordinates":[[[92.904686,12.252521],[92.913277,12.22281],[92.89167,12.233891],[92.879234,12.208278],[92.871979,12.246741],[92.88446,12.239249],[92.904686,12.252521]]]}},{"type":"Feature","properties":{},"geometry":{"type":"Polygon","coordinates":[[[92.71582,12.295701],[92.723862,12.29138],[92.710693,12.230329],[92.702469,12.289712],[92.71582,12.295701]]]}},{"type":"Feature","properties":{},"geometry":{"type":"Polygon","coordinates":[[[92.942497,12.27618],[92.929878,12.25872],[92.922089,12.230951],[92.921326,12.26489],[92.901459,12.271472],[92.901466,12.288221],[92.926735,12.280581],[92.934448,12.310561],[92.942497,12.27618]]]}},{"type":"Feature","properties":{},"geometry":{"type":"Polygon","coordinates":[[[92.858177,12.407732],[92.888786,12.4076],[92.883987,12.374156],[92.844353,12.394951],[92.858177,12.407732]]]}},{"type":"Feature","properties":{},"geometry":{"type":"Polygon","coordinates":[[[92.902611,12.916055],[92.910408,12.908636],[92.921921,12.91223],[92.905083,12.884951],[92.927467,12.884591],[92.948273,12.83608],[92.953552,12.802973],[92.934196,12.773821],[92.962479,12.752862],[92.980515,12.709729],[92.963127,12.69847],[92.956947,12.622778],[92.97551,12.5419],[92.968422,12.496669],[92.959053,12.486688],[92.946648,12.498838],[92.932137,12.480721],[92.931114,12.465834],[92.957939,12.46771],[92.915321,12.443711],[92.914528,12.405893],[92.908989,12.421072],[92.87825,12.44467],[92.885757,12.453992],[92.854233,12.457729],[92.844437,12.46944],[92.844444,12.480833],[92.837929,12.485512],[92.838791,12.49237],[92.834679,12.494781],[92.829155,12.496434],[92.849007,12.458614],[92.899017,12.415629],[92.874969,12.413722],[92.864998,12.42584],[92.846489,12.423419],[92.819557,12.437541],[92.818428,12.43378],[92.804398,12.440401],[92.796509,12.43796],[92.800278,12.464444],[92.7911,12.469722],[92.794197,12.438181],[92.830276,12.427779],[92.828613,12.423062],[92.833885,12.409166],[92.841599,12.405948],[92.838608,12.395001],[92.859802,12.36255],[92.889977,12.35038],[92.896111,12.33583],[92.882233,12.344381],[92.879692,12.33353],[92.895119,12.320345],[92.832428,12.302559],[92.809692,12.314871],[92.795097,12.306144],[92.771523,12.319691],[92.754768,12.295681],[92.735977,12.308731],[92.720436,12.30031],[92.699448,12.328487],[92.708618,12.493081],[92.694221,12.515661],[92.707497,12.596946],[92.684486,12.608141],[92.70417,12.607501],[92.715401,12.643452],[92.724701,12.6267],[92.753326,12.670781],[92.777069,12.667082],[92.776527,12.636302],[92.785431,12.619247],[92.788643,12.67448],[92.787392,12.70721],[92.77916,12.7131],[92.768883,12.672121],[92.732887,12.674411],[92.746117,12.722499],[92.721176,12.787741],[92.723915,12.827084],[92.732063,12.83494],[92.737778,12.81028],[92.760834,12.859445],[92.782219,12.807499],[92.769463,12.861674],[92.781448,12.848129],[92.791908,12.889854],[92.810959,12.897452],[92.830597,12.884707],[92.842247,12.891039],[92.840187,12.878271],[92.841728,12.875607],[92.873543,12.881161],[92.895973,12.89884],[92.897781,12.927411],[92.902611,12.916055]]]}},{"type":"Feature","properties":{},"geometry":{"type":"Polygon","coordinates":[[[93.848343,7.233891],[93.848053,7.216112],[93.882767,7.203611],[93.887779,7.08639],[93.916664,7.048404],[93.916115,7.025277],[93.947807,6.998874],[93.927277,7.011261],[93.913902,7.0],[93.945503,6.95583],[93.918053,6.946944],[93.916138,6.912084],[93.897224,6.902156],[93.902138,6.812967],[93.882568,6.792778],[93.850906,6.816051],[93.828316,6.754256],[93.804886,6.764531],[93.815552,6.81611],[93.786613,6.830983],[93.794441,6.850279],[93.771599,6.876737],[93.78083,6.890277],[93.741943,6.925],[93.745277,6.961945],[93.693886,7.01514],[93.663033,7.006646],[93.674156,7.023889],[93.657272,7.099621],[93.674721,7.1125],[93.655563,7.125281],[93.675827,7.139929],[93.686111,7.19],[93.733612,7.187221],[93.760559,7.214446],[93.802513,7.201391],[93.806946,7.233611],[93.847221,7.24417],[93.848343,7.233891]]]}},{"type":"Feature","properties":{},"geometry":{"type":"Polygon","coordinates":[[[93.715836,7.434166],[93.72139,7.402219],[93.755745,7.359843],[93.724998,7.310001],[93.679443,7.284723],[93.648331,7.2425],[93.621109,7.308332],[93.636108,7.32139],[93.6325,7.370555],[93.71389,7.392779],[93.705826,7.445001],[93.715836,7.434166]]]}},{"type":"Feature","properties":{},"geometry":{"type":"Polygon","coordinates":[[[93.383888,8.022222],[93.409653,8.007083],[93.412224,7.961945],[93.43,7.96778],[93.464996,7.930001],[93.474724,7.8925],[93.46167,7.872222],[93.422501,7.907223],[93.379997,7.882221],[93.356392,7.88889],[93.342636,7.918831],[93.358055,7.941665],[93.330833,7.923332],[93.317223,7.933611],[93.310555,7.961945],[93.326668,8.0025],[93.383888,8.022222]]]}},{"type":"Feature","properties":{},"geometry":{"type":"Polygon","coordinates":[[[93.550552,8.027222],[93.582771,7.99167],[93.577499,7.928333],[93.507233,7.984721],[93.532501,8.025],[93.550766,7.99623],[93.550552,8.027222]]]}},{"type":"Feature","properties":{},"geometry":{"type":"Polygon","coordinates":[[[93.58139,8.121945],[93.601387,8.05],[93.592781,8.03779],[93.561386,8.118055],[93.58139,8.121945]]]}},{"type":"Feature","properties":{},"geometry":{"type":"Polygon","coordinates":[[[93.530952,8.231412],[93.544724,8.19611],[93.503052,8.14818],[93.548332,8.08833],[93.550278,8.036111],[93.530563,8.048892],[93.525276,8.03194],[93.5084,8.033815],[93.500832,7.997219],[93.485275,8.044443],[93.505623,8.040696],[93.511108,8.068333],[93.518059,8.046946],[93.529861,8.07868],[93.514442,8.08389],[93.485001,8.051944],[93.489388,8.091605],[93.459442,8.122221],[93.453888,8.173611],[93.490555,8.198889],[93.494652,8.222774],[93.530952,8.231412]]]}},{"type":"Feature","properties":{},"geometry":{"type":"Polygon","coordinates":[[[93.239723,8.259999],[93.251945,8.228889],[93.238892,8.220835],[93.219902,8.24887],[93.239723,8.259999]]]}},{"type":"Feature","properties":{},"geometry":{"type":"Polygon","coordinates":[[[93.129753,8.351566],[93.143333,8.344443],[93.126389,8.276388],[93.20472,8.215561],[93.199448,8.193891],[93.120834,8.222501],[93.087219,8.269444],[93.095276,8.340277],[93.129753,8.351566]]]}},{"type":"Feature","properties":{},"geometry":{"type":"Polygon","coordinates":[[[93.620277,8.564852],[93.642426,8.468536],[93.626663,8.46722],[93.622856,8.42162],[93.612503,8.575833],[93.620277,8.564852]]]}},{"type":"Feature","properties":{},"geometry":{"type":"Polygon","coordinates":[[[93.026657,11.84139],[93.063316,11.84476],[93.07222,11.835562],[93.049988,11.812221],[93.014999,11.829171],[93.012329,11.84902],[93.026657,11.84139]]]}},{"type":"Feature","properties":{},"geometry":{"type":"Polygon","coordinates":[[[92.972763,12.03668],[92.98246,12.04354],[93.009453,12.018891],[93.054031,11.90315],[93.042671,11.882261],[93.025253,11.888217],[93.000389,11.9502],[92.97438,11.948391],[92.959602,11.981338],[92.925537,11.99579],[92.950653,12.01312],[92.964996,12.049723],[92.972763,12.03668]]]}},{"type":"Feature","properties":{},"geometry":{"type":"Polygon","coordinates":[[[92.994797,12.107221],[93.00528,12.099171],[92.992775,12.043617],[92.97509,12.065711],[92.961823,12.072202],[92.97084,12.087896],[92.95961,12.106483],[92.994797,12.107221]]]}},{"type":"Feature","properties":{},"geometry":{"type":"Polygon","coordinates":[[[93.026947,12.14861],[93.053612,12.076111],[93.045525,12.04537],[93.007019,12.075776],[93.007263,12.10723],[92.997162,12.11358],[92.966362,12.118899],[92.955605,12.142192],[92.984985,12.148141],[93.004166,12.113334],[93.006683,12.146051],[93.027496,12.16667],[93.026947,12.14861]]]}},{"type":"Feature","properties":{},"geometry":{"type":"Polygon","coordinates":[[[93.073891,12.209889],[93.095001,12.142422],[93.09082,12.099992],[93.074409,12.083628],[93.056572,12.123234],[93.039711,12.126954],[93.036476,12.15692],[93.073891,12.209889]]]}},{"type":"Feature","properties":{},"geometry":{"type":"Polygon","coordinates":[[[93.081673,12.259898],[93.088608,12.237219],[93.105988,12.260204],[93.100746,12.203941],[93.093086,12.224435],[93.063332,12.229166],[93.081673,12.259898]]]}},{"type":"Feature","properties":{},"geometry":{"type":"Polygon","coordinates":[[[93.867233,12.295562],[93.880699,12.236642],[93.868103,12.233556],[93.862503,12.266043],[93.861679,12.23377],[93.832008,12.241241],[93.850204,12.269443],[93.826683,12.24486],[93.821289,12.304615],[93.850563,12.28694],[93.82901,12.31233],[93.839699,12.32082],[93.867233,12.295562]]]}},{"type":"Feature","properties":{},"geometry":{"type":"Polygon","coordinates":[[[92.953346,12.410321],[92.932343,12.359449],[92.919334,12.364615],[92.930573,12.41518],[92.949051,12.414631],[92.956253,12.43549],[92.953346,12.410321]]]}},{"type":"Feature","properties":{},"geometry":{"type":"Polygon","coordinates":[[[93.004143,12.992768],[92.979462,12.96697],[92.982826,12.934481],[92.95195,12.940539],[92.974243,12.94533],[92.95472,12.960042],[92.959747,12.988912],[92.972206,12.96914],[92.985878,12.993351],[93.004143,12.992768]]]}},{"type":"Feature","properties":{},"geometry":{"type":"Polygon","coordinates":[[[93.03083,13.569168],[93.04361,13.505279],[93.034164,13.466388],[93.018608,13.46472],[93.035973,13.452189],[93.021111,13.431121],[93.040703,13.426392],[93.04528,13.403888],[93.061386,13.421111],[93.059723,13.399167],[93.070831,13.40611],[93.052559,13.391131],[93.048615,13.374414],[93.04483,13.37703],[93.041267,13.374899],[93.033684,13.375446],[93.02829,13.373181],[93.04911,13.373931],[93.055275,13.382222],[93.090591,13.335933],[93.065834,13.303056],[93.059998,13.329171],[93.039856,13.322981],[93.04583,13.346111],[93.041664,13.367221],[93.032784,13.345275],[93.003334,13.353334],[92.986778,13.329011],[92.969429,13.36052],[92.950539,13.343901],[92.964783,13.324521],[92.999535,13.310712],[93.009453,13.320002],[93.006767,13.30931],[93.021942,13.29528],[93.01255,13.29518],[93.012497,13.276666],[93.046112,13.281945],[93.04583,13.259172],[93.066673,13.2725],[93.032219,13.178891],[93.034882,13.080991],[93.003899,13.028589],[92.965828,13.035],[92.974617,13.012861],[92.934776,13.042802],[92.943047,13.054722],[92.936676,13.084713],[92.934357,13.060743],[92.914909,13.07035],[92.89431,13.056531],[92.889999,13.05167],[92.887901,13.045687],[92.91629,13.05415],[92.901665,13.021804],[92.938522,12.971276],[92.912682,12.946451],[92.906937,12.985028],[92.896973,12.994979],[92.882301,12.982724],[92.877121,12.944393],[92.857826,12.935042],[92.854439,12.92743],[92.858925,12.903369],[92.876259,12.908292],[92.872932,12.88323],[92.841713,12.87663],[92.842781,12.891871],[92.829971,12.8862],[92.794197,12.914382],[92.794136,12.985611],[92.81826,12.986781],[92.808693,12.997771],[92.825066,13.012708],[92.78833,13.019172],[92.796669,13.08944],[92.81028,13.07528],[92.807777,13.099445],[92.82222,13.096391],[92.809998,13.126929],[92.847496,13.139159],[92.809723,13.153055],[92.815277,13.174445],[92.835556,13.173891],[92.818886,13.183889],[92.827774,13.236667],[92.849724,13.239165],[92.854439,13.257221],[92.822502,13.277222],[92.842224,13.301944],[92.821663,13.309721],[92.839439,13.374721],[92.866943,13.385561],[92.843063,13.402222],[92.867775,13.402222],[92.884163,13.429722],[92.871666,13.471391],[92.929443,13.501667],[92.917503,13.53639],[92.964722,13.544444],[92.988052,13.52751],[92.988609,13.573891],[93.010117,13.54196],[93.016113,13.570561],[93.03083,13.569168]]]}},{"type":"Feature","properties":{},"geometry":{"type":"Polygon","coordinates":[[[93.019165,13.673056],[93.032219,13.633891],[93.027779,13.62694],[92.976669,13.655],[93.019165,13.673056]]]}},{"type":"Feature","properties":{},"geometry":{"type":"Polygon","coordinates":[[[93.3675,14.150571],[93.378052,14.120833],[93.364304,14.058731],[93.353333,14.145831],[93.3675,14.150571]]]}},{"type":"Feature","properties":{},"geometry":{"type":"Polygon","coordinates":[[[93.642502,14.897223],[93.636421,14.874299],[93.611946,14.835561],[93.612923,14.873657],[93.628052,14.900833],[93.642502,14.897223]]]}}]}